小韻號	首字	反切	音韻地位	細分轄字
1	東	德紅	端一東平	
2	同	徒紅	定一東平	
3	中	陟弓	知三東平	
4	蟲	直弓	澄三東平	
5	終	職戎	章三東平	
6	忡	敕中	徹三東平	
7	崇	鋤弓	崇三東平	
8	嵩	息弓	心三東平	
9	戎	如融	日三東平	
10	弓	居戎	見三C東平	
11	融	以戎	以三東平	
12	雄	羽弓	云三C東平	
13	瞢	莫中	明三C東平	
14	穹	去宮	溪三C東平	
15	窮	渠弓	羣三C東平	
16	馮	房戎	並三C東平	
17	風	方戎	幫三C東平	
18	豐	敷空	滂三C東平	
19	充	昌終	昌三東平	
20	隆	力中	來三東平	
21	空	苦紅	溪一東平	
22	公	古紅	見一東平	
23	蒙	莫紅	明一東平	
24	籠	盧紅	來一東平	
25	洪	戶公	匣一東平	
26	叢	徂紅	從一東平	
27	翁	烏紅	影一東平	
28	悤	倉紅	清一東平	
29	通	他紅	透一東平	
30	葼	子紅	精一東平	
31	蓬	薄紅	並一東平	
32	烘	呼東	曉一東平	
33	㟅	五東	疑一東平	
34	𣞷	蘇公	心一東平	
35	冬	都宗	端一冬平	
36	彤	徒冬	定一冬平	
37	賨	藏宗	從一冬平	
38	農	奴冬	泥一冬平	
39	攻	古冬	見一冬平	
40	䃔	戶冬	匣一冬平	
41	䃧	力冬	來一冬平	
42	宗	作冬	精一冬平	
43	鬆	私宗	心一冬平	
44	炵	他冬	透一冬平	
45	鍾	職容	章三鍾平	
46	龍	力鍾	來三鍾平	
47	舂	書容	書三鍾平	
48	松	祥容	邪三鍾平	
49	𧘂	尺容	昌三鍾平	
50	容	餘封	以三鍾平	
51	封	府容	幫三C鍾平	
52	胷	許容	曉三C鍾平	
53	顒	魚容	疑三C鍾平	
54	邕	於容	影三C鍾平	
55	醲	女容	孃三鍾平	
56	重	直容	澄三鍾平	
57	從	疾容	從三鍾平	
58	蹱	丑凶	徹三鍾平	
59	逢	符容	並三C鍾平	
60	峯	敷容	滂三C鍾平	
61	縱	即容	精三鍾平	
62	茸	而容	日三鍾平	
63	蛩	渠容	羣三C鍾平	
64	鱅	蜀庸	常三鍾平	
65	恭	九容	見三C鍾平	
66	蜙	息恭	心三鍾平	
67	樅	七恭	清三鍾平	
68	銎	曲恭	溪三C鍾平	
69	江	古雙	見二江平	
70	厖	莫江	明二江平	
71	𦗳	女江	孃二江平	
72	囪	楚江	初二江平	
73	邦	博江	幫二江平	
74	栙	下江	匣二江平	
75	胮	匹江	滂二江平	
76	瀧	呂江	來二江平	
77	雙	所江	生二江平	
78	龐	薄江	並二江平	
79	肛	許江	曉二江平	
80	胦	握江	影二江平	
81	腔	苦江	溪二江平	
82	幢	宅江	澄二江平	
83	憃	丑江	徹二江平	
84	樁	都江	知二江平	
85	㟅	五江	疑二江平	
86	淙	士江	崇二江平	
87	支	章移	章開三支平	
88	移	弋支	以開三支平	
89	爲	薳支	云合三B支平	
90	嬀	居爲	見合三B支平	
91	𪎮	許爲	曉合三B支平	
92	逶	於爲	影合三B支平	
93	糜	靡爲	明三B支平	
94	隓	許規	曉合三A支平	
95	鬌	直垂	澄合三支平	
96	𡍮	是爲	常合三支平	
97	羸	力爲	來合三支平	
98	吹	昌垂	昌合三支平	
99	鈹	敷羈	滂三B支平	
100	陂	彼爲	幫三B支平	
101	隨	旬爲	邪合三支平	
102	虧	去爲	溪合三B支平	
103	闚	去隨	溪合三A支平	
104	奇	渠羈	羣開三B支平	
105	祇	巨支	羣開三A支平	
106	犧	許羈	曉開三B支平	
107	㩻	去奇	溪開三B支平	
108	宜	魚羈	疑開三B支平	
109	皮	符羈	並三B支平	
110	提	是支	常開三支平	
111	兒	汝移	日開三支平	
112	離	呂支	來開三支平	
113	疵	疾移	從開三支平	
114	貲	即移	精開三支平	
115	羈	居宜	見開三B支平	
116	卑	府移	幫三A支平	
117	陴	符支	並三A支平	
118	䌳	式支	書開三支平	
119	斯	息移	心開三支平	
120	差	楚宜	初開三支平	
121	摛	丑知	徹開三支平	
122	彌	武移	明三A支平	
123	雌	此移	清開三支平	
124	知	陟離	知開三支平	
125	漪	於離	影開三B支平	
126	馳	直離	澄開三支平	
127	眭	息爲	心合三支平	
128	危	魚爲	疑合三B支平	
129	詑	香支	曉開三A支平	
130	釃	所宜	生開三支平	
131	䪎	山垂	生合三支平	
132	痿	人垂	日合三支平	
133	厜	姊宜〘規〙	精合三支平	
134	𩓸	居隋	見合三A支平	
135	劑	遵爲	精合三支平	
136	衰	楚危	初合三支平	
137	腄	竹垂	知合三支平	
138	䮔	子｟？｠〈之〉垂	章合三支平	
139	眵	叱支	昌開三支平	
140	齜	側宜	莊開三支平	
141	𢻹	匹支（之）	滂三A脂平	
142	䔺	悅吹	以合三支平	
143	齹	士宜	崇開三支平	
144	脂	旨夷	章開三脂平	
145	姨	以脂	以開三脂平	
146	師	疏夷	生開三脂平	
147	𣬈	房脂	並三A脂平	
148	咨	即夷	精開三脂平	
149	飢	居夷	見開三B脂平	
150	鴟	處脂	昌開三脂平	
151	絺	丑飢	徹開三脂平	
152	郪	取私	清開三脂平	
153	茨	疾資	從開三脂平	
154	尼	女夷	孃開三脂平	
155	墀	直尼	澄開三脂平	
156	私	息夷	心開三脂平	
157	尸	式之（脂）	書開三脂平	
158	鬐	渠脂	羣開三A脂平	
159	伊	於脂	影開三A脂平	
160	棃	力脂	來開三脂平	
161	葵	渠追	羣合三A脂平	
162	追	陟隹	知合三脂平	
163	龜	居追	見合三B脂平	
164	蕤	儒隹	日合三脂平	
165	衰	所追	生合三脂平	
166	惟	以追	以合三脂平	
167	㶟	力追	來合三脂平	
168	綏	息遺	心合三脂平	
169	逵	渠追	羣合三B脂平	
170	眉	武悲	明三B脂平	
171	悲	府眉	幫三B脂平	
172	錐	職追	章合三脂平	
173	誰	視隹	常合三脂平	
174	帷	洧悲	云合三B脂平	
175	邳	符悲	並三B脂平	
176	丕	敷悲	滂三B脂平	
177	倠	許維	曉合三A脂平	
178	鎚	直追	澄合三脂平	
179	推	叉〈尺〉隹	昌合三脂平	
180	胝	丁尼	知開三脂平	
181	紕	匹夷	滂三A脂平	
182	嶉	醉綏	精合三脂平	
183	巋	丘追	溪合三B脂平	
184	狋	牛肌	疑開三B脂平	
185	咦	喜夷	曉開三A脂平	
186	之	止而	章開三之平	
187	飴	與之	以開三之平	
188	時	市之	常開三之平	
189	疑	語其	疑開三C之平	
190	思	息兹	心開三之平	
191	輜	楚持	初開三之平	
192	其	渠之	羣開三C之平	
193	詩	書之	書開三之平	
194	而	如之	日開三之平	
195	欺	去其	溪開三C之平	
196	姬	居之	見開三C之平	
197	詞	似兹	邪開三之平	
198	釐	里之	來開三之平	
199	菑	側持	莊開三之平	
200	僖	許其	曉開三C之平	
201	醫	於其	影開三C之平	
202	癡	丑之	徹開三之平	
203	治	直之	澄開三之平	
204	蚩	赤之	昌開三之平	
205	慈	疾之	從開三之平	
206	兹	子之	精開三之平	
207	茬	士之	崇開三之平	
208	漦	俟甾	俟開三之平	
209	抾	丘之〈乏〉	溪開三C嚴入	
210	䀵	式其	書開三之平	
211	微	無非	明三C微平	
212	揮	許歸	曉合三C微平	
213	幃	雨非	云合三C微平	
214	霏	芳非	滂三C微平	
215	猆	甫微	幫三C微平	
216	肥	符非	並三C微平	
217	威	於非	影合三C微平	
218	祈	渠希	羣開三C微平	
219	機	居依	見開三C微平	
220	希	香衣	曉開三C微平	
221	依	於希	影開三C微平	
222	沂	魚衣	疑開三C微平	
223	巍	語韋	疑合三C微平	
224	歸	舉韋	見合三C微平	
225	蘬	丘韋	溪合三C微平	
226	魚	語居	疑開三C魚平	
227	初	楚居	初開三魚平	
228	書	傷魚	書開三魚平	
229	居	九魚	見開三C魚平	
230	渠	強魚	羣開三C魚平	
231	余	以諸	以開三魚平	
232	胥	相居	心開三魚平	
233	疽	七余	清開三魚平	
234	鉏	士魚	崇開三魚平	
235	攄	丑居	徹開三魚平	
236	疏	所菹	生開三魚平	
237	虛	朽居	曉開三C魚平	
238	徐	似魚	邪開三魚平	
239	於	央居	影開三C魚平	
240	豬	陟魚	知開三魚平	
241	臚	力居	來開三魚平	
242	諸	章魚	章開三魚平	
243	除	直魚	澄開三魚平	
244	如	人諸	日開三魚平	
245	且	子魚	精開三魚平	
246	虛	去魚	溪開三C魚平	
247	菹	側魚	莊開三魚平	
248	蜍	署魚	常開三魚平	
249	袽	女余	孃開三魚平	
250	虞	遇俱	疑合三C虞平	
251	芻	測隅	初合三虞平	
252	無	武夫	明三C虞平	
253	于	羽俱	云合三C虞平	
254	訏	況于	曉合三C虞平	
255	衢	其俱	羣合三C虞平	
256	儒	人朱	日合三虞平	
257	須	相俞	心合三虞平	
258	株	陟輸	知合三虞平	
259	貙	敕俱	徹合三虞平	
260	殊	市朱	常合三虞平	
261	逾	羊朱	以合三虞平	
262	區	豈俱	溪合三C虞平	
263	朱	章俱	章合三虞平	
264	趨	七逾	清合三虞平	
265	慺	力朱	來合三虞平	
266	扶	防無	並三C虞平	
267	䅳	仕于	崇合三虞平	
268	㑳	莊俱	莊合三虞平	
269	敷	芳無	滂三C虞平	
270	諏	子于	精合三虞平	
271	跗	甫無	幫三C虞平	
272	紆	憶俱	影合三C虞平	
273	輸	式朱	書合三虞平	
274	樞	昌朱	昌合三虞平	
275	廚	直誅	澄合三虞平	
276	拘	舉朱	見合三C虞平	
277	毹	山芻	生合三虞平	
278	模	莫胡	明一模平	
279	酺	薄胡	並一模平	
280	胡	戶吳	匣一模平	
281	孤	古胡	見一模平	
282	徒	同都	定一模平	
283	奴	乃都	泥一模平	
284	呼	荒烏	曉一模平	
285	吾	五乎	疑一模平	
286	租	則吾	精一模平	
287	盧	落胡	來一模平	
288	蘇	素姑	心一模平	
289	徂	昨胡	從一模平	
290	烏	哀都	影一模平	
291	逋	博孤	幫一模平	
292	枯	苦胡	溪一模平	
293	麤	倉胡	清一模平	
294	㻌	他胡	透一模平	
295	都	當孤	端一模平	
296	𥠵	普胡	滂一模平	
297	齊	徂奚	從開四齊平	
298	黎	郎奚	來開四齊平	
299	妻	七稽	清開四齊平	
300	低	都奚	端開四齊平	
301	嗁	杜奚	定開四齊平	
302	豍	邊兮	幫四齊平	
303	雞	古奚	見開四齊平	
304	奚	胡雞	匣開四齊平	
305	鷖	烏奚	影開四齊平	
306	倪	五稽	疑開四齊平	
307	醯	呼雞	曉開四齊平	
308	西	先稽	心開四齊平	
309	梯	土雞	透開四齊平	
310	鼙	部迷	並四齊平	
311	磇	匹迷	滂四齊平	
312	齎	祖稽	精開四齊平	
313	迷	莫兮	明四齊平	
314	泥	奴低	泥開四齊平	
315	谿	苦奚	溪開四齊平	
316	圭	古攜	見合四齊平	
317	睽	苦圭	溪合四齊平	
318	攜	戶圭	匣合四齊平	
319	臡	人兮	日開三祭平	
320	栘	成臡	常開三祭平	
321	烓	烏攜	影合四齊平	
322	睳	呼攜	曉合四齊平	
323	佳	古膎	見開二佳平	
324	㥟	戶佳	匣開二佳平	
325	牌	薄佳	並二佳平	
326	媧	古蛙	見合二佳平	
327	蛙	烏媧	影合二佳平	
328	咼	苦緺	溪合二佳平	
329	柴	士佳	崇開二佳平	
330	釵	楚佳	初開二佳平	
331	竵	火媧	曉合二佳平	
332	䍲	㚷佳	孃開二佳平	
333	崖	五佳	疑開二佳平	
334	娃	於佳	影開二佳平	
335	崽	山佳	生開二佳平	
336	㗨	火佳	曉開二佳平	
337	扠	丑佳	徹開二佳平	
338	䁲	莫佳	明二佳平	
339	鼃	戶媧	匣合二佳平	
340	皆	古諧	見開二皆平	
341	𢰇	乙諧	影開二皆平	
342	諧	戶皆	匣開二皆平	
343	排	步皆	並二皆平	
344	乖	古懷	見合二皆平	
345	懷	戶乖	匣合二皆平	
346	匯	苦淮	溪合二皆平	
347	豺	士皆	崇開二皆平	
348	差	楚皆	初開二皆平	
349	虺	呼懷	曉合二皆平	
350	尵	杜懷	澄合二皆平	
351	埋	莫皆	明二皆平	
352	齋	側皆	莊開二皆平	
353	崴	乙皆（乖）	影合二皆平	
354	𪘨	卓皆	知開二皆平	
355	唻	賴諧	來開一咍平	
356	揩	口皆	溪開二皆平	
357	搱	諧〈諾〉皆	孃開二皆平	
358	崽	山皆	生開二皆平	
359	𩂢	擬皆	疑開二皆平	
360	搋	丑皆	徹開二皆平	
361	俙	喜皆	曉開二皆平	
362	䐯	力懷	來合二皆平	
363	膗	仕懷	崇合二皆平	
364	灰	呼恢	曉合一灰平	
365	恢	苦回	溪合一灰平	
366	隈	烏恢	影合一灰平	
367	回	戶恢	匣合一灰平	
368	枚	莫杯	明一灰平	
369	傀	公回	見合一灰平	
370	雷	魯回	來合一灰平	
371	穨	杜回	定合一灰平	
372	崔	倉回	清合一灰平	
373	磓	都回	端合一灰平	
374	𤗯	素回	心合一灰平	
375	摧	昨回	從合一灰平	
376	裴	薄回	並一灰平	
377	桮	布回	幫一灰平	
378	肧	芳杯	滂一灰平	
379	鮠	五灰	疑合一灰平	
380	𨌴	他回	透合一灰平	
381	𢆃	乃回	泥合一灰平	
382	嗺	臧回	精合一灰平	
383	咍	呼來	曉開一咍平	
384	開	苦哀	溪開一咍平	
385	哀	烏開	影開一咍平	
386	臺	徒哀	定開一咍平	
387	該	古哀	見開一咍平	
388	裁	昨哉	從開一咍平	
389	來	落哀	來開一咍平	
390	烖	祖才	精開一咍平	
391	猜	倉才	清開一咍平	
392	𤗏	扶來	並一灰平	
393	胎	土來	透開一咍平	
394	孩	戶來	匣開一咍平	
395	鰓	蘇來	心開一咍平	
396	皚	五來	疑開一咍平	
397	能	奴來	泥開一咍平	
398	𪒴	丁來	端開一咍平	
399	㹗	昌來〈求〉	昌三尤平	
400	𡜊	普才｟來｠〈求〉	滂三C尤平	
401	真	側（職）鄰	章開三真平	
402	𤣆	丑人	徹開三真平	
403	因	於真	影開三A真平	
404	新	息鄰	心開三真平	
405	辰	植鄰	常開三真平	
406	仁	如鄰	日開三真平	
407	神	食鄰	船開三真平	
408	親	七人	清開三真平	
409	礥	下珍〈殄〉	匣開四先上	
410	申	失人	書開三真平	
411	賓	必鄰	幫三A真平	
412	㷠	力珍	來開三真平	
413	𥎊	巨巾	羣開三B真平	
414	珍	陟鄰	知開三真平	
415	陳	直珍	澄開三真平	
416	津	將鄰	精開三真平	
417	瞋	昌真	昌開三真平	
418	秦	匠鄰	從開三真平	
419	寅	翼真	以開三真平	
420	紉	女鄰	孃開三真平	
421	繽	匹賓	滂三A真平	
422	頻	符真	並三A真平	
423	銀	語巾	疑開三B真平	
424	巾	居銀	見開三B真平	
425	麏	居筠	見合三B真平	
426	筠	爲贇	云合三B真平	
427	囷	去倫	溪合三B真平	
428	珉	武巾	明三B真平	
429	貧	符巾	並三B真平	
430	𪔗	於巾	影開三B真平	
431	贇	於倫	影合三B真平	
432	彬	府巾	幫三B真平	
433	民	彌鄰	明三A真平	
434	諄	章倫	章合三真平	
435	椿	丑倫	徹合三真平	
436	䣩	直倫	澄合三真平	
437	荀	相倫	心合三真平	
438	純	常倫	常合三真平	
439	犉	如勻	日合三真平	
440	脣	食倫	船合三真平	
441	淪	力迍	來合三真平	
442	屯	陟綸	知合三真平	
443	逡	七倫	清合三真平	
444	遵	將倫	精合三真平	
445	春	昌脣	昌合三真平	
446	鷷	昨旬	從合三真平	
447	勻	羊倫	以合三真平	
448	旬	詳遵	邪合三真平	
449	均	居勻	見合三A真平	
450	𧼒	渠人	羣開三A真平	
451	砏	普巾	滂三B真平	
452	臻	側詵	莊開三臻平	
453	莘	所臻	生開三臻平	
454	𦿒	士臻	崇開三臻平	
455	文	無分	明三C文平	
456	雲	王分	云合三C文平	
457	熅	於云	影合三C文平	
458	汾	符分	並三C文平	
459	分	府文	幫三C文平	
460	羣	渠云	羣合三C文平	
461	薰	許云	曉合三C文平	
462	君	舉云	見合三C文平	
463	芬	府（撫）文	滂三C文平	
464	欣	許斤	曉開三C殷平	
465	殷	於斤	影開三C殷平	
466	勤	巨斤	羣開三C殷平	
467	斤	舉欣	見開三C殷平	
468	䖐	語斤	疑開三C殷平	
469	元	愚袁	疑合三C元平	
470	袁	雨元	云合三C元平	
471	煩	附袁	並三C元平	
472	飜	孚袁	滂三C元平	
473	暄	況袁	曉合三C元平	
474	鴛	於袁	影合三C元平	
475	言	語軒	疑開三C元平	
476	攑	丘言	溪開三C元平	
477	軒	虛言	曉開三C元平	
478	𢳚	居言	見開三C元平	
479	蔫	謁言	影開三C元平	
480	蕃	甫煩	幫三C元平	
481	𥴤	巨言	羣開三C元平	
482	樠	武元	明三C元平	
483	䰟	戶昆	匣合一魂平	
484	昆	古渾	見合一魂平	
485	𥁕	烏渾	影合一魂平	
486	門	莫奔	明一魂平	
487	孫	思渾	心合一魂平	
488	尊	祖昆	精合一魂平	
489	存	徂尊	從合一魂平	
490	敦	都昆	端合一魂平	
491	暾	他昆	透合一魂平	
492	屯	徒渾	定合一魂平	
493	村	此尊	清合一魂平	
494	㑮	牛昆	疑合一魂平	
495	盆	蒲奔	並一魂平	
496	奔	博昆	幫一魂平	
497	論	盧昆	來合一魂平	
498	坤	苦昆	溪合一魂平	
499	昏	呼昆	曉合一魂平	
500	濆	普魂	滂一魂平	
501	黁	奴昆	泥合一魂平	
502	痕	戶恩	匣開一痕平	
503	根	古痕	見開一痕平	
504	恩	烏痕	影開一痕平	
505	吞	吐根	透開一痕平	
506	垠	五根	疑開一痕平	
507	寒	胡安	匣開一寒平	
508	豻	俄寒	疑開一寒平	
509	單	都寒	端開一寒平	
510	安	烏寒	影開一寒平	
511	難	那干	泥開一寒平	
512	餐	七安	清開一寒平	
513	灘	他干	透開一寒平	
514	𦙱	蘇干	心開一寒平	
515	壇	徒干	定開一寒平	
516	殘	昨干	從開一寒平	
517	干	古寒	見開一寒平	
518	蘭	落干	來開一寒平	
519	看	苦寒	溪開一寒平	
520	頇	許干	曉開一寒平	
521	濡	乃官	泥合一寒平	
522	桓	胡官	匣合一寒平	
523	岏	五丸	疑合一寒平	
524	端	多官	端合一寒平	
525	剜	一丸	影合一寒平	
526	湍	他端	透合一寒平	
527	酸	素官	心合一寒平	
528	團	度官	定合一寒平	
529	欑	在丸	從合一寒平	
530	官	古丸	見合一寒平	
531	鑾	落官	來合一寒平	
532	歡	呼官	曉合一寒平	
533	寬	苦官	溪合一寒平	
534	鑽	借官	精合一寒平	
535	槃	薄官	並一寒平	
536	瞞	母官	明一寒平	
537	潘	普官	滂一寒平	
538	𤳖	北潘	幫一寒平	
539	刪	所姦	生開二刪平	
540	關	古還	見合二刪平	
541	彎	烏關	影合二刪平	
542	𣟴	數還	生合二刪平	
543	還	戶關	匣合二刪平	
544	班	布還	幫二刪平	
545	蠻	莫還	明二刪平	
546	顏	五姦	疑開二刪平	
547	姦	古顏	見開二刪平	
548	攀	普班	滂二刪平	
549	奻	奴還	孃合二刪平	
550	𤸷	五還	疑合二刪平	
551	馯	丘姦	溪開二刪平	
552	豻	可顏	溪開二刪平	
553	跧	阻頑	莊合二刪平	
554	山	所閒	生開二山平	
555	鰥	古頑	見合二山平	
556	閒	古閑	見開二山平	
557	閑	戶閒	匣開二山平	
558	慳	苦閑	溪開二山平	
559	虥	士山	崇開二山平	
560	羴	許閒	曉開二山平	
561	訮	五閑	疑開二山平	
562	黰	烏閑	影開二山平	
563	斒	方閑	幫二山平	
564	斕	力閑	來開二山平	
565	嘫	女閑	孃開二山平	
566	㺗	充山	昌開三仙平	
567	𡣬	委鰥	影合二山平	
568	窀	墜頑	澄合二山平	
569	𡰠	力頑〈規〉	來合三支平	
570	𡰝	跪頑	羣合三B仙平	
571	譠	陟山	知開二山平	
572	𤣆	直閑	澄開二山平	
573	湲	獲頑	匣合二山平	
574	虥	昨閑	崇開二山平	
575	先	蘇前	心開四先平	
576	前	昨先	從開四先平	
577	千	蒼先	清開四先平	
578	箋	則前	精開四先平	
579	天	他前	透開四先平	
580	堅	古賢	見開四先平	
581	賢	胡田	匣開四先平	
582	煙	烏前	影開四先平	
583	蓮	落賢	來開四先平	
584	田	徒年	定開四先平	
585	秊	奴顛	泥開四先平	
586	顛	都年	端開四先平	
587	牽	苦堅	溪開四先平	
588	妍	五堅	疑開四先平	
589	眠	莫賢	明四先平	
590	蹁	部田	並四先平	
591	淵	烏玄	影合四先平	
592	涓	古玄	見合四先平	
593	鋗	火玄	曉合四先平	
594	邊	布玄	幫四先平	
595	玄	胡涓	匣合四先平	
596	祆	呼煙	曉開四先平	
597	𤜼	崇〈？〉玄〈？〉	章開三陽入	
598	仙	相然	心開三仙平	
599	錢	昨仙	從開三仙平	
600	遷	七然	清開三仙平	
601	煎	子仙	精開三仙平	
602	然	如延	日開三仙平	
603	延	以然	以開三仙平	
604	𩜾	諸延	章開三仙平	
605	甄	居延	見開三A仙平	
606	邅	張連	知開三仙平	
607	潺	士連	崇開三仙平	
608	羶	式連	書開三仙平	
609	脠	丑延	徹開三仙平	
610	鋋	市連	常開三仙平	
611	纏	直連	澄開三仙平	
612	嘕	許延	曉開三B仙平	
613	連	力延	來開三仙平	
614	篇	芳連	滂三A仙平	
615	便	房連	並三A仙平	
616	緜	武延	明三A仙平	
617	全	疾緣	從合三仙平	
618	宣	須緣	心合三仙平	
619	鐫	子泉	精合三仙平	
620	翾	許緣	曉合三A仙平	
621	堧	而緣	日合三仙平	
622	穿	昌緣	昌合三仙平	
623	沿	與專	以合三仙平	
624	旋	似宣	邪合三仙平	
625	娟	於緣	影合三A仙平	
626	船	食川	船合三仙平	
627	鞭	卑連	幫三A仙平	
628	㳄	夕連	邪開三仙平	
629	詮	此緣	清合三仙平	
630	專	職緣	章合三仙平	
631	遄	市緣	常合三仙平	
632	員	王權	云合三B仙平	
633	恮	莊緣	莊合三仙平	
634	栓	山員	生合三仙平	
635	猭	丑緣	徹合三仙平	
636	乾	渠焉	羣開三B仙平	
637	愆	去乾	溪開三B仙平	
638	權	巨員	羣合三B仙平	
639	椽	直攣	澄合三仙平	
640	攣	呂員	來合三仙平	
641	弮	丘圓	溪合三B仙平	
642	焉	於乾	影開三B仙平	
643	漹	有乾	云開三B仙平	
644	𡣬	於權	影合三B仙平	
645	燀	尺延	昌開三仙平	
646	𡰖	丁全〈兮〉	端開四齊平	
647	勬	居員	見合三B仙平	
648	蕭	蘇彫	心開四蕭平	
649	祧	吐彫	透開四蕭平	
650	貂	都聊	端開四蕭平	
651	迢	徒聊	定開四蕭平	
652	驍	古堯	見開四蕭平	
653	聊	落蕭	來開四蕭平	
654	堯	五聊	疑開四蕭平	
655	膮	許幺	曉開四蕭平	
656	幺	於堯	影開四蕭平	
657	鄡	苦幺	溪開四蕭平	
658	宵	相邀	心開三宵平	
659	超	敕宵	徹開三宵平	
660	朝	陟遙	知開三宵平	
661	鼂	直遙	澄開三宵平	
662	囂	許嬌	曉開三B宵平	
663	樵	昨焦	從開三宵平	
664	驕	舉喬	見開三B宵平	
665	焦	即消	精開三宵平	
666	饒	如招	日開三宵平	
667	燒	式招	書開三宵平	
668	遙	餘昭	以開三宵平	
669	韶	市昭	常開三宵平	
670	昭	止遙	章開三宵平	
671	飆	甫遙	幫三A宵平	
672	鑣	甫嬌	幫三B宵平	
673	瓢	符霄	並三A宵平	
674	蜱	彌遙	明三A宵平	
675	苗	武瀌	明三B宵平	
676	要	於霄	影開三A宵平	
677	鴞	于嬌	云開三B宵平	
678	喬	巨嬌	羣開三B宵平	
679	鍫	七遙	清開三宵平	
680	妖	於喬	影開三B宵平	
681	蹻	去遙	溪開三A宵平	
682	怊	尺招	昌開三宵平	
683	𤐫	撫招	滂三A宵平	
684	翹	渠遙	羣開三A宵平	
685	燎	力昭	來開三宵平	
686	趫	起囂	溪開三B宵平	
687	肴	胡茅	匣開二肴平	
688	交	古肴	見開二肴平	
689	巢	鉏交	崇開二肴平	
690	鐃	女交	孃開二肴平	
691	梢	所交	生開二肴平	
692	茅	莫交	明二肴平	
693	虓	許交	曉開二肴平	
694	包	布交	幫二肴平	
695	胞	匹交	滂二肴平	
696	敲	口交	溪開二肴平	
697	聱	五交	疑開二肴平	
698	𦗔	側交	莊開二肴平	
699	嘲	陟交	知開二肴平	
700	䜈	楚交	初開二肴平	
701	庖	薄交	並二肴平	
702	䫜	於交	影開二肴平	
703	䫸	敕交	徹開二肴平	
704	顟	力嘲	來開二肴平	
705	䄻	直交	澄開二肴平	
706	豪	胡刀	匣開一豪平	
707	高	古勞	見開一豪平	
708	勞	魯刀	來開一豪平	
709	蒿	呼毛	曉開一豪平	
710	毛	莫袍	明一豪平	
711	饕	土刀	透開一豪平	
712	刀	都牢	端開一豪平	
713	騷	蘇遭	心開一豪平	
714	袍	薄襃	並一豪平	
715	襃	博毛	幫一豪平	
716	陶	徒刀	定開一豪平	
717	糟	作曹	精開一豪平	
718	敖	五勞	疑開一豪平	
719	曹	昨勞	從開一豪平	
720	𤏶	於刀	影開一豪平	
721	猱	奴刀	泥開一豪平	
722	尻	苦刀	溪開一豪平	
723	操	七刀	清開一豪平	
724	㯱	普袍	滂一豪平	
725	歌	古俄	見開一歌平	
726	蹉	七何	清開一歌平	
727	多	得何	端開一歌平	
728	娑	素何	心開一歌平	
729	駝	徒河	定開一歌平	
730	醝	昨何	從開一歌平	
731	莪	五何	疑開一歌平	
732	佗	託何	透開一歌平	
733	羅	魯何	來開一歌平	
734	那	諾何	泥開一歌平	
735	何	胡歌	匣開一歌平	
736	訶	虎何	曉開一歌平	
737	珂	苦何	溪開一歌平	
738	阿	烏何	影開一歌平	
739	戈	古禾	見合一歌平	
740	遳	七戈	清合一歌平	
741	𨹄	丁戈	端合一歌平	
742	莎	蘇禾	心合一歌平	
743	婆	薄波	並一歌平	
744	㸰	徒和	定合一歌平	
745	摩	莫婆	明一歌平	
746	矬	昨禾	從合一歌平	
747	訛	五禾	疑合一歌平	
748	詑	土禾	透合一歌平	
749	𩼊	落戈	來合一歌平	
750	捼	奴禾	泥合一歌平	
751	波	博禾	幫一歌平	
752	頗	滂禾	滂一歌平	
753	和	戶戈	匣合一歌平	
754	科	苦禾	溪合一歌平	
755	倭	烏禾	影合一歌平	
756	鞾	許𦚢	曉合三C歌平	
757	𦚢	於靴	影合三C歌平	
758	𩨷	去靴	溪合三C歌平	
759	伽	求迦	羣開三C歌平	
760	佉	丘伽	溪開三C歌平	
761	迦	居伽	見開三C歌平	
762	脞	醋伽	清合一歌平	
763	侳	子𩨷	精合一歌平	
764	瘸	巨靴	羣合三C歌平	
765	𦣛	縷𩨷	來合三歌平	
766	麻	莫霞	明二麻平	
767	車	尺遮	昌開三麻平	
768	奢	式車	書開三麻平	
769	邪	以遮	以開三麻平	
770	遮	正奢	章開三麻平	
771	嗟	子邪	精開三麻平	
772	蛇	食遮	船開三麻平	
773	華	戶花	匣合二麻平	
774	瓜	古華	見合二麻平	
775	華	呼瓜	曉合二麻平	
776	誇	苦瓜	溪合二麻平	
777	拏	女加	孃開二麻平	
778	嘉	古牙	見開二麻平	
779	遐	胡加	匣開二麻平	
780	葩	普巴	滂二麻平	
781	鴉	於加	影開二麻平	
782	巴	伯加	幫二麻平	
783	叉	初牙	初開二麻平	
784	鯊	所加	生開二麻平	
785	牙	五加	疑開二麻平	
786	樝	側加	莊開二麻平	
787	𡨀	宅加	澄開二麻平	
788	衺	似嗟	邪開三麻平	
789	闍	視遮	常開三麻平	
790	窊	烏瓜	影合二麻平	
791	髽	莊華	莊合二麻平	
792	檛	陟瓜	知合二麻平	
793	爬	蒲巴	並二麻平	
794	楂	鉏加	崇開二麻平	
795	侘	敕加	徹開二麻平	
796	奓	陟加	知開二麻平	
797	煆	許加	曉開二麻平	
798	䶗	苦加	溪開二麻平	
799	㚗	才邪	從開三麻平	
800	若	人賒	日開三麻平	
801	些	寫邪	心開三麻平	
802	爹	陟邪	端開四麻平	
803	𣢉	五瓜	疑合二麻平	
804	𣘟	乞加	溪開二麻平	
805	陽	與章	以開三陽平	
806	詳	似羊	邪開三陽平	
807	良	呂張	來開三陽平	
808	香	許良	曉開三C陽平	
809	商	式羊	書開三陽平	
810	房	符方	並三C陽平	
811	章	諸良	章開三陽平	
812	昌	尺良	昌開三陽平	
813	羌	去羊	溪開三C陽平	
814	薑	居良	見開三C陽平	
815	長	直良	澄開三陽平	
816	張	陟良	知開三陽平	
817	穰	汝陽	日開三陽平	
818	方	府良	幫三C陽平	
819	襄	息良	心開三陽平	
820	將	即良	精開三陽平	
821	創	初良	初開三陽平	
822	亡	武方	明三C陽平	
823	孃	女良	孃開三陽平	
824	牀	士莊	崇開三陽平	
825	莊	側羊	莊開三陽平	
826	常	市羊	常開三陽平	
827	霜	色莊	生開三陽平	
828	牆	在良	從開三陽平	
829	鏘	七羊	清開三陽平	
830	匡	去王	溪合三C陽平	
831	王	雨方	云合三C陽平	
832	央	於良	影開三C陽平	
833	強	巨良	羣開三C陽平	
834	𦳝	褚羊	徹開三陽平	
835	芳	敷方	滂三C陽平	
836	狂	巨王	羣合三C陽平	
837	唐	徒郎	定開一唐平	
838	郎	魯當	來開一唐平	
839	當	都郎	端開一唐平	
840	倉	七岡	清開一唐平	
841	岡	古郎	見開一唐平	
842	桑	息郎	心開一唐平	
843	康	苦岡	溪開一唐平	
844	荒	呼光	曉合一唐平	
845	黃	胡光	匣合一唐平	
846	光	古黃	見合一唐平	
847	湯	吐郎	透開一唐平	
848	滂	普郎	滂一唐平	
849	汪	烏光	影合一唐平	
850	鴦	烏郎	影開一唐平	
851	炕	呼郎	曉開一唐平	
852	航	胡郎	匣開一唐平	
853	茫	莫郎	明一唐平	
854	臧	則郎	精開一唐平	
855	囊	奴當	泥開一唐平	
856	傍	步光	並一唐平	
857	卬	五剛	疑開一唐平	
858	藏	昨郎	從開一唐平	
859	䯑	苦光	溪合一唐平	
860	幫	博旁	幫一唐平	
861	庚	古行	見開二庚平	
862	阬	客庚	溪開二庚平	
863	盲	武庚	明二庚平	
864	橫	戶盲	匣合二庚平	
865	閍	甫盲	幫二庚平	
866	諻	虎橫	曉合二庚平	
867	觵	古橫	見合二庚平	
868	彭	薄庚	並二庚平	
869	脝	許庚	曉開二庚平	
870	瞠	丑庚	徹開二庚平	
871	鎗	楚庚	初開二庚平	
872	傖	助庚	崇開二庚平	
873	霙	於驚	影開三B庚平	
874	磅	撫庚	滂二庚平	
875	平	符兵	並三B庚平	
876	驚	舉卿	見開三B庚平	
877	明	武兵	明三B庚平	
878	棖	直庚	澄開二庚平	
879	趟	竹盲	知開二庚平	
880	榮	永兵	云合三B庚平	
881	兵	甫明	幫三B庚平	
882	兄	許榮	曉合三B庚平	
883	卿	去京	溪開三B庚平	
884	生	所庚	生開三庚平	
885	擎	渠京	羣開三B庚平	
886	迎	語京	疑開三B庚平	
887	行	戶庚	匣開二庚平	
888	鬤	乃庚	孃開二庚平	
889	耕	古莖	見開二耕平	
890	鏗	口莖	溪開二耕平	
891	甍	莫耕	明二耕平	
892	浜	布耕	幫二耕平	
893	宏	戶萌	匣合二耕平	
894	莖	戶耕	匣開二耕平	
895	朾	中莖	知開二耕平	
896	甖	烏莖	影開二耕平	
897	崢	士耕	崇開二耕平	
898	琤	楚耕	初開二耕平	
899	儜	女耕	孃開二耕平	
900	怦	普耕	滂二耕平	
901	轟	呼宏	曉合二耕平	
902	繃	北萌	幫二耕平	
903	橙	宅耕	澄開二耕平	
904	泓	烏宏	影合二耕平	
905	輣	薄萌	並二耕平	
906	娙	五莖	疑開二耕平	
907	爭	側莖	莊開二耕平	
908	清	七情	清開三清平	
909	情	疾盈	從開三清平	
910	精	子盈	精開三清平	
911	盈	以成	以開三清平	
912	營	余傾	以合三清平	
913	嬰	於盈	影開三A清平	
914	貞	陟盈	知開三清平	
915	檉	丑貞	徹開三清平	
916	成	是征	常開三清平	
917	呈	直貞	澄開三清平	
918	聲	書盈	書開三清平	
919	征	諸盈	章開三清平	
920	輕	去盈	溪開三A清平	
921	名	武并	明三A清平	
922	跉	呂貞	來開三清平	
923	并	府盈	幫三A清平	
924	傾	去營	溪合三A清平	
925	𩛿	徐盈	邪開三清平	
926	縈	於營	影合三A清平	
927	瓊	渠營	羣合三A清平	
928	騂	息營	心合三清平	
929	頸	巨成	羣開三A清平	
930	𧵣	火營	曉合三A清平	
931	青	倉經	清開四青平	
932	經	古靈	見開四青平	
933	㓝	戶經	匣開四青平	
934	庭	特丁	定開四青平	
935	丁	當經	端開四青平	
936	馨	呼刑	曉開四青平	
937	星	桑經	心開四青平	
938	竮	普丁	滂四青平	
939	靈	郎丁	來開四青平	
940	寧	奴丁	泥開四青平	
941	汀	他丁	透開四青平	
942	冥	莫經	明四青平	
943	瓶	薄經	並四青平	
944	熒	戶扃	匣合四青平	
945	扃	古螢	見合四青平	
946	蒸	煑仍	章開三蒸平	
947	承	署陵	常開三蒸平	
948	澂	直陵	澄開三蒸平	
949	陵	力膺	來開三蒸平	
950	膺	於陵	影開三C蒸平	
951	凭	扶冰	並三B蒸平	
952	冫	筆陵	幫三B蒸平	
953	蠅	余陵	以開三蒸平	
954	繩	食陵	船開三蒸平	
955	升	識蒸	書開三蒸平	
956	仍	如乘	日開三蒸平	
957	兢	居陵	見開三C蒸平	
958	徵	陟陵	知開三蒸平	
959	繒	疾陵	從開三蒸平	
960	凝	魚陵	疑開三C蒸平	
961	興	虛陵	曉開三C蒸平	
962	稱	處陵	昌開三蒸平	
963	殑	其矜	羣開三C蒸平	
964	㱡	山矜	生開三蒸平	
965	硱	綺兢	溪開三B蒸平	
966	僜	丑升	徹開三蒸平	
967	磳	仕兢	崇開三蒸平	
968	砯	披冰	滂三B蒸平	
969	登	都滕	端開一登平	
970	楞	魯登	來開一登平	
971	僧	蘇增	心開一登平	
972	崩	北滕	幫一登平	
973	增	作滕	精開一登平	
974	瞢	武登	明一登平	
975	層	昨棱	從開一登平	
976	朋	步崩	並一登平	
977	弘	胡肱	匣合一登平	
978	肱	古弘	見合一登平	
979	薨	呼肱	曉合一登平	
980	能	奴登	泥開一登平	
981	騰	徒登	定開一登平	
982	恆	胡登	匣開一登平	
983	揯	古恆	見開一登平	
984	鼟	他登	透開一登平	
985	漰	普朋	滂一登平	
986	尤	羽求	云三C尤平	
987	憂	於求	影三C尤平	
988	劉	力求	來三尤平	
989	秋	七由	清三尤平	
990	猷	以周	以三尤平	
991	牛	語求	疑三C尤平	
992	遒	即由	精三尤平	
993	酋	自秋	從三尤平	
994	脩	息流	心三尤平	
995	抽	丑鳩	徹三尤平	
996	𠁫	去秋	溪開三B幽平	
997	犫	赤周	昌三尤平	
998	周	職流	章三尤平	
999	讎	市流	常三尤平	
1000	柔	耳由	日三尤平	
1001	收	式州	書三尤平	
1002	丘	去鳩	溪三C尤平	
1003	䬌	匹尤	滂三C尤平	
1004	鳩	居求	見三C尤平	
1005	不	甫鳩	幫三C尤平	
1006	𢯱	所鳩	生三尤平	
1007	搊	楚鳩	初三尤平	
1008	鄒	側鳩	莊三尤平	
1009	愁	士尤	崇三尤平	
1010	休	許尤	曉三C尤平	
1011	囚	似由	邪三尤平	
1012	儔	直由	澄三尤平	
1013	輈	張流	知三尤平	
1014	𧚍	巨鳩	羣三C尤平	
1015	浮	縛謀	並三C尤平	
1016	謀	莫浮	明三C尤平	
1017	侯	戶鉤	匣一侯平	
1018	謳	烏侯	影一侯平	
1019	羺	奴鉤	泥一侯平	
1020	樓	落侯	來一侯平	
1021	涑	速侯	心一侯平	
1022	彄	恪侯	溪一侯平	
1023	齁	呼侯	曉一侯平	
1024	𣠏	子侯	精一侯平	
1025	偷	託侯	透一侯平	
1026	頭	度侯	定一侯平	
1027	齵	五婁	疑一侯平	
1028	鉤	古侯	見一侯平	
1029	兜	當侯	端一侯平	
1030	㔌	徂鉤	從一侯平	
1031	裒	薄侯	並一侯平	
1032	䜅	千侯〈隹〉	清合三脂平	
1033	呣	亡侯	明一侯平	
1034	幽	於虯	影開三A幽平	
1035	虯	渠幽	羣開三A幽平	
1036	彪	甫烋	幫三B幽平	
1037	鏐	力幽	來開三幽平	
1038	樛	居虯	見開三A幽平	
1039	淲	皮彪	並三B幽平	
1040	稵	子幽〈絲〉	精開三之平	
1041	犙	山幽〈函〉	心開一覃平	
1042	聱	語虯	疑開三A幽平	
1043a	飍	香幽	曉開三A幽平	飍
1043b	烋	香｟許｠幽（彪）	曉開三B幽平	烋
1044	繆	武彪	明三B幽平	
1045	侵	七林	清開三侵平	
1046	尋	徐林	邪開三侵平	
1047	林	力尋	來開三侵平	
1048	琛	丑林	徹開三侵平	
1049	斟	職深	章開三侵平	
1050	沈	直深	澄開三侵平	
1051	碪	知林	知開三侵平	
1052	諶	氏任	常開三侵平	
1053	任	如林	日開三侵平	
1054	深	式針	書開三侵平	
1055	淫	餘針	以開三侵平	
1056	心	息林	心開三侵平	
1057	愔	挹淫	影開三A侵平	
1058	祲	子心	精開三侵平	
1059	𩷒	昨淫	從開三侵平	
1060	䛘	女心	孃開三侵平	
1061	琴	巨金	羣開三B侵平	
1062	欽	去金	溪開三B侵平	
1063	吟	魚金	疑開三B侵平	
1064	歆	許金	曉開三B侵平	
1065	金	居吟	見開三B侵平	
1066	音	於金	影開三B侵平	
1067	森	所今	生開三侵平	
1068	岑	鋤針	崇開三侵平	
1069	兂	側吟	莊開三侵平	
1070	嵾	楚簪	初開三侵平	
1071	𧡪	充針	昌開三侵平	
1072	覃	徒含	定開一覃平	
1073	參	倉含	清開一覃平	
1074	南	那含	泥開一覃平	
1075	諳	烏含	影開一覃平	
1076	含	胡男	匣開一覃平	
1077	婪	盧含	來開一覃平	
1078	蠶	昨含	從開一覃平	
1079	簪	作含	精開一覃平	
1080	探	他含	透開一覃平	
1081	耽	丁含	端開一覃平	
1082	龕	口含	溪開一覃平	
1083	㟏	火含	曉開一覃平	
1084	毿	蘇含	心開一覃平	
1085	弇	古南	見開一覃平	
1086	䜙	五含	疑開一覃平	
1087	談	徒甘	定開一談平	
1088	甘	古三	見開一談平	
1089	擔	都甘	端開一談平	
1090	三	蘇甘	心開一談平	
1091	藍	魯甘	來開一談平	
1092	坩	苦甘	溪開一談平	
1093	舑	他酣	透開一談平	
1094	慙	昨甘	從開一談平	
1095	酣	胡甘	匣開一談平	
1096	姏	武酣	明一談平	
1097	𩈻	昨〈作〉三	精開一談平	
1098	蚶	呼談	曉開一談平	
1099	鹽	余廉	以開三鹽平	
1100	廉	力鹽	來開三鹽平	
1101	砭	府廉	幫三B鹽平	
1102	銛	息廉	心開三鹽平	
1103	籤	七廉	清開三鹽平	
1104	詹	職廉	章開三鹽平	
1105	棎	視占	常開三鹽平	
1106	苫	失廉	書開三鹽平	
1107	䪜	處占	昌開三鹽平	
1108	𩓾	汝鹽	日開三鹽平	
1109	黏	女廉	孃開三鹽平	
1110	炎	于廉	云開三B鹽平	
1111	霑	張廉	知開三鹽平	
1112	覘	丑廉	徹開三鹽平	
1113	淹	央炎	影開三B鹽平	
1114	𢜩	丘廉	溪開三B鹽平	
1115	𪙊	語廉	疑開三B鹽平	
1116	尖	子廉	精開三鹽平	
1117	潛	昨鹽	從開三鹽平	
1118	箝	巨淹	羣開三B鹽平	
1119	懕	一鹽	影開三A鹽平	
1120	燅	徐鹽	邪開三鹽平	
1121	襳	史炎	生開三鹽平	
1122	㶣	直廉	澄開三鹽平	
1123	鍼	巨鹽	羣開三A鹽平	
1124	添	他兼	透開四添平	
1125	𩬑	丁兼	端開四添平	
1126	甜	徒兼	定開四添平	
1127	鬑	勒兼	來開四添平	
1128	謙	苦兼	溪開四添平	
1129	兼	古甜	見開四添平	
1130	嫌	戶兼	匣開四添平	
1131	鮎	奴兼	泥開四添平	
1132	馦	許兼	曉開四添平	
1133	咸	胡讒	匣開二咸平	
1134	緘	古咸	見開二咸平	
1135	攕	所咸	生開二咸平	
1136	𤟟	乙咸	影開二咸平	
1137	嵒	五咸	疑開二咸平	
1138	㰹	許咸	曉開二咸平	
1139	詀	竹咸	知開二咸平	
1140	諵	女咸	孃開二咸平	
1141	讒	士咸	崇開二咸平	
1142	鵮	苦咸	溪開二咸平	
1143	銜	戶監	匣開二銜平	
1144	巉	鋤銜	崇開二銜平	
1145	巖	五銜	疑開二銜平	
1146	攙	楚銜	初開二銜平	
1147	衫	所銜	生開二銜平	
1148	監	古銜	見開二銜平	
1149	𨂝	白銜	並二銜平	
1150	嵌	口銜	溪開二銜平	
1151	嚴	語𩏩	疑開三C嚴平	
1152	𩏩	虛嚴	曉開三C嚴平	
1153	醃	於嚴	影開三C嚴平	
1154	㪁	丘嚴	溪開三C嚴平	
1155	凡	符咸（䒦）	並三C凡平	
1156	䒦	匹凡	滂三C凡平	
1157	董	多動	端一東上	
1158	蠓	莫孔	明一東上	
1159	孔	康董	溪一東上	
1160	㪌	先孔	心一東上	
1161	侗	他孔	透一東上	
1162	總	作孔	精一東上	
1163	澒	胡孔	匣一東上	
1164	蓊	烏孔	影一東上	
1165	𨑊	奴動	泥一東上	
1166	琫	邊孔	幫一東上	
1167	曨	力董	來一東上	
1168	嗊	呼孔	曉一東上	
1169	動	徒摠	定一東上	
1170	菶	蒲蠓	並一東上	
1171	腫	之隴	章三鍾上	
1172	寵	丑隴	徹三鍾上	
1173	隴	力踵	來三鍾上	
1174	擁	於隴	影三C鍾上	
1175	宂	而隴	日三鍾上	
1176	重	直隴	澄三鍾上	
1177	冢	知隴	知三鍾上	
1178	奉	扶隴	並三C鍾上	
1179	捧	敷奉	滂三C鍾上	
1180	勇	余隴	以三鍾上	
1181	恐	丘隴	溪三C鍾上	
1182	尰	時宂	常三鍾上	
1183	拱	居悚	見三C鍾上	
1184	悚	息拱	心三鍾上	
1185	洶	許拱	曉三C鍾上	
1186	覂	方勇	幫三C鍾上	
1187	湩	都𪁪	端一冬上	
1188	𪁪	莫湩	明一冬上	
1189	䅃	渠隴	羣三C鍾上	
1190	𨿿	充隴	昌三鍾上	
1191	幒	職〘且〙勇	清三鍾上	
1192	䙕	子冢	精三鍾上	
1193	講	古項	見二江上	
1194	㭋	步項	並二江上	
1195	慃	烏項	影二江上	
1196	𠈵	武項	明二江上	
1197	項	胡講	匣二江上	
1198	𦂌	巴講	幫二江上	
1199	傋	虛慃	曉二江上	
1200	紙	諸氏	章開三支上	
1201	是	承紙	常開三支上	
1202	靡	文彼	明三B支上	
1203	彼	甫委	幫三B支上	
1204	被	皮彼	並三B支上	
1205	毀	許委	曉合三B支上	
1206	委	於詭	影合三B支上	
1207	跪	去委	溪合三B支上	
1208	詭	過委	見合三B支上	
1209	髓	息委	心合三支上	
1210	絫	力委	來合三支上	
1211	技	渠綺	羣開三B支上	
1212	倚	於綺	影開三B支上	
1213	掎	居綺	見開三B支上	
1214	綺	墟彼	溪開三B支上	
1215	螘	魚倚	疑開三B支上	
1216	蔿	韋委	云合三B支上	
1217	觜	即委	精合三支上	
1218	蘂	如累	日合三支上	
1219	此	雌氏	清開三支上	
1220	豸	池爾	澄開三支上	
1221	徙	斯氏	心開三支上	
1222	酏	移爾	以開三支上	
1223	邐	力紙	來開三支上	
1224	躧	所綺	生開三支上	
1225	𢔌	并弭	幫三A支上	
1226	爾	兒氏	日開三支上	
1227	渳	綿婢	明三A支上	
1228	婢	便俾	並三A支上	
1229	侈	尺氏	昌開三支上	
1230	弛	施是	書開三支上	
1231	紫	將此	精開三支上	
1232	捶	之累	章合三支上	
1233	揣	初委	初合三支上	
1234	𤢍	隨婢	邪合三支上	
1235	舓	神帋	船開三支上	
1236	㧗	側氏	莊開三支上	
1237	㱟	匹靡	滂三B支上	
1238	諀	匹婢	滂三A支上	
1239	䓈	羊捶	以合三支上	
1240	惢	才捶	從合三支上	
1241	跬	丘弭	溪合三A支上	
1242	狔	女氏	孃開三支上	
1243	硊	魚毀	疑合三B支上	
1244	跪	渠委	羣合三B支上	
1245	褫	敕豸	徹開三支上	
1246	㨖	陟侈	知開三支上	
1247	𪖥	興倚	曉開三B支上	
1248	企	丘弭	溪開三A支上	
1249	菙	時髓	常合三支上	
1250	枳	居帋	見開三A支上	
1251	旨	職雉	章開三脂上	
1252	視	承矢	常開三脂上	
1253	美	無鄙	明三B脂上	
1254	鄙	方美	幫三B脂上	
1255	兕	徐姊	邪開三脂上	
1256	几	居履	見開三B脂上	
1257	姊	將几	精開三脂上	
1258	匕	卑履	幫三A脂上	
1259	軌	居洧	見合三B脂上	
1260	洧	榮美	云合三B脂上	
1261	矢	式視	書開三脂上	
1262	雉	直几	澄開三脂上	
1263	死	息姊	心開三脂上	
1264	牝	扶履	並三A脂上	
1265	履	力几	來開三脂上	
1266	水	式軌	書合三脂上	
1267	壘	力軌	來合三脂上	
1268	揆	求癸	羣合三A脂上	
1269	趡	千水	清合三脂上	
1270	柅	女履	孃開三脂上	
1271	癸	居誄	見合三A脂上	
1272	否	符鄙	並三B脂上	
1273	㠑	徂累（壘）	從合三脂上	
1274	嚭	匹鄙	滂三B脂上	
1275	蕊	如壘	日合三脂上	
1276	唯	以水	以合三脂上	
1277	㰻	於几	影開三B脂上	
1278	濢	遵誄	精合三脂上	
1279	黹	豬几	知開三脂上	
1280	𡳭	楮几	徹開三脂上	
1281	𧿲	止姊	莊開三之上	
1282	䁤	火癸	曉合三A脂上	
1283	䣀	暨軌	羣合三B脂上	
1284	跽	暨几	羣開三B脂上	
1285	巋	丘軌	溪合三B脂上	
1286	止	諸市	章開三之上	
1287	市	時止	常開三之上	
1288	徵	陟里	知開三之上	
1289	喜	虛里	曉開三C之上	
1290	紀	居理	見開三C之上	
1291	以	羊己	以開三之上	
1292	似	詳里	邪開三之上	
1293	史	疎士	生開三之上	
1294	耳	而止	日開三之上	
1295	里	良士	來開三之上	
1296	枲	胥里	心開三之上	
1297	始	詩止	書開三之上	
1298	歭	直里	澄開三之上	
1299	起	墟里	溪開三C之上	
1300	士	鉏里	崇開三之上	
1301	俟	牀史	俟開三之上	
1302	子	即里	精開三之上	
1303	矣	于紀	云開三C之上	
1304	擬	魚紀	疑開三C之上	
1305	齒	昌里	昌開三之上	
1306	恥	敕里	徹開三之上	
1307a	㓼	初紀｟己｠〈乙〉	初開三臻入	㓼
1307b	欼	初紀｟史｠〈夬〉	初合二夬去	欼㱀
1308	滓	阻史	莊開三之上	
1309	譩	於擬	影開三C之上	
1310	伱	乃里	孃開三之上	
1311	尾	無匪	明三C微上	
1312	扆	於豈	影開三C微上	
1313	豈	袪豨	溪開三C微上	
1314	蟣	居豨	見開三C微上	
1315	斐	敷尾	滂三C微上	
1316	匪	府尾	幫三C微上	
1317	韙	于鬼	云合三C微上	
1318	鬼	居偉	見合三C微上	
1319	虺	許偉	曉合三C微上	
1320	顗	魚豈	疑開三C微上	
1321	豨	虛豈	曉開三C微上	
1322	磈	於鬼	影合三C微上	
1323	膹	浮鬼	並三C微上	
1324	語	魚巨	疑開三C魚上	
1325	呂	力舉	來開三魚上	
1326	佇	直呂	澄開三魚上	
1327	與	余呂	以開三魚上	
1328	䰞	章与	章開三魚上	
1329	汝	人渚	日開三魚上	
1330	暑	舒呂	書開三魚上	
1331	杵	昌與	昌開三魚上	
1332	貯	丁呂	知開三魚上	
1333	諝	私呂	心開三魚上	
1334	楮	丑呂	徹開三魚上	
1335	女	尼呂	孃開三魚上	
1336	許	虛呂	曉開三C魚上	
1337	巨	其呂	羣開三C魚上	
1338	所	疎舉	生開三魚上	
1339	楚	創舉	初開三魚上	
1340	阻	側呂	莊開三魚上	
1341	齟	牀呂	崇開三魚上	
1342	咀	慈呂	從開三魚上	
1343	𢮁	於許	影開三C魚上	
1344	舉	居許	見開三C魚上	
1345	敘	徐呂	邪開三魚上	
1346	去	羌舉	溪開三C魚上	
1347	紓	神與	船開三魚上	
1348	野	承與	常開三魚上	
1349	𤿚	七與	清開三魚上	
1350	苴	子與	精開三魚上	
1351	麌	虞矩	疑合三C虞上	
1352	羽	王矩	云合三C虞上	
1353	聚	慈庾	從合三虞上	
1354	甫	方矩	幫三C虞上	
1355	武	文甫	明三C虞上	
1356	父	扶雨	並三C虞上	
1357	撫	芳武	滂三C虞上	
1358	柱	直主	澄合三虞上	
1359	詡	況羽	曉合三C虞上	
1360	豎	臣庾	常合三虞上	
1361	庾	以主	以合三虞上	
1362	主	之庾	章合三虞上	
1363	傴	於武	影合三C虞上	
1364	齲	驅雨	溪合三C虞上	
1365	拄	知庾	知合三虞上	
1366	乳	而主	日合三虞上	
1367	窶	其矩	羣合三C虞上	
1368	數	所矩	生合三虞上	
1369	矩	俱雨	見合三C虞上	
1370	取	七庾	清合三虞上	
1371	縷	力主	來合三虞上	
1372	𦄼	相庾	心合三虞上	
1373	䝒	鶵禹	崇合三虞上	
1374	姥	莫補	明一模上	
1375	土	他魯	透一模上	
1376	杜	徒古	定一模上	
1377	魯	郎古	來一模上	
1378	蔖	采古	清一模上	
1379	覩	當古	端一模上	
1380	古	公戶	見一模上	
1381	五	疑古	疑一模上	
1382	簿	裴古	並一模上	
1383	粗	徂古	從一模上	
1384	祖	則古	精一模上	
1385	虎	呼古	曉一模上	
1386	隖	安古	影一模上	
1387	苦	康杜	溪一模上	
1388	怒	奴古	泥一模上	
1389	戶	侯古	匣一模上	
1390	普	滂古	滂一模上	
1391	補	博古	幫一模上	
1392	薺	徂禮	從開四齊上	
1393	禮	盧啓	來開四齊上	
1394	體	他禮	透開四齊上	
1395	䫌	匹米	滂四齊上	
1396	濟	子禮	精開四齊上	
1397	邸	都禮	端開四齊上	
1398	弟	徒禮	定開四齊上	
1399	禰	奴禮	泥開四齊上	
1400	洗	先禮	心開四齊上	
1401	泚	千禮	清開四齊上	
1402	啓	康禮	溪開四齊上	
1403	徯	胡禮	匣開四齊上	
1404	米	莫禮	明四齊上	
1405	陛	傍禮	並四齊上	
1406	𠯋	烏弟	影開四齊上	
1407	堄	研啓	疑開四齊上	
1408	㪏	補米	幫四齊上	
1409	蟹	胡買	匣開二佳上	
1410	買	莫蟹	明二佳上	
1411	䒓	苦蟹	溪開二佳上	
1412	廌	宅買	澄開二佳上	
1413	嬭	奴蟹	孃開二佳上	
1414	罷	薄蟹	並二佳上	
1415	矮	烏蟹	影開二佳上	
1416	擺	北買	幫二佳上	
1417	解	佳買	見開二佳上	
1418	灑	所蟹	生開二佳上	
1419	𠁥	乖買	見合二佳上	
1420	㧳	丈〈？〉夥〈黠〉	見開二山入	
1421	夥	懷𠁥	匣合二佳上	
1422	扮	花〈？〉夥〈黠〉	見開二山入	
1423a	箉	求〈？〉蟹	定開二佳上	箉
1423b	拐	求〈乖〉蟹	見合二佳上	拐
1424	駭	侯楷	匣開二皆上	
1425	楷	苦駭	溪開二皆上	
1426	騃	五駭	疑開二皆上	
1427	挨	於駭	影開二皆上	
1428	賄	呼罪	曉合一灰上	
1429	猥	烏賄	影合一灰上	
1430	磥	落猥	來合一灰上	
1431	錞	徒猥	定合一灰上	
1432	辠	徂賄	從合一灰上	
1433	浼	武罪	明一灰上	
1434	骽	吐猥	透合一灰上	
1435	瘣	胡罪	匣合一灰上	
1436	䫥	口猥	溪合一灰上	
1437	𦞙	都罪	端合一灰上	
1438	餧	奴罪	泥合一灰上	
1439	𩬳	陟賄	端合一灰上	
1440	頠	五罪	疑合一灰上	
1441	皠	七罪	清合一灰上	
1442	琲	蒲罪	並一灰上	
1443	嶊	子罪	精合一灰上	
1444	倄	于罪	云合三C廢上	
1445	海	呼改	曉開一咍上	
1446	愷	苦亥	溪開一咍上	
1447	宰	作亥	精開一咍上	
1448	駘	徒亥	定開一咍上	
1449	乃	奴亥	泥開一咍上	
1450	改	古亥	見開一咍上	
1451	亥	胡改	匣開一咍上	
1452	啡	匹愷	滂一灰上	
1453	采	倉宰	清開一咍上	
1454	茝	昌紿	昌開三廢上	
1455	等	多改	端開一咍上	
1456	䆀	莫亥	明一灰上	
1457	在	昨宰	從開一咍上	
1458	俖	普乃	滂一灰上	
1459	欸	於改	影開一咍上	
1460	佁	夷在	以開三廢上	
1461	㘆	他亥	透開一咍上	
1462	疓	如亥	泥開一咍上	
1463	𨦂	來改	來開一咍上	
1464	䑂	與改	以開三廢上	
1465	倍	薄亥	並一灰上	
1466	軫	章忍	章開三真上	
1467	辴	丑忍	徹開三真上	
1468	腎	時忍	常開三真上	
1469	忍	而軫	日開三真上	
1470	矤	式忍	書開三真上	
1471	嶙	良忍	來開三真上	
1472	紖	直引	澄開三真上	
1473	緊	居忍	見開三A真上	
1474	盡	慈忍	從開三真上	
1475	㯸	即忍	精開三真上	
1476	牝	毗忍	並三A真上	
1477	釿	宜引	疑開三B真上	
1478	笉	士〈于〉忍	云合三B真上	
1479	窘	渠殞	羣合三B真上	
1480	引	余忍	以開三真上	
1481	愍	眉殞	明三B真上	
1482	泯	武盡	明三A真上	
1483	殞	于敏	云合三B真上	
1484	準	之尹	章合三真上	
1485	尹	余準	以合三真上	
1486	筍	思尹	心合三真上	
1487	蝡	而允〈兗〉	日合三仙上	
1488	蠢	尺尹	昌合三真上	
1489	盾	食尹	船合三真上	
1490	偆	癡準	徹合三真上	
1491	耣	力準	來合三真上	
1492	𣯍	而尹	日合三真上	
1493	𦃢	丘尹	溪合三B真上	
1494	螼	弃忍	溪開三A真上	
1495	賰	式允	書合三真上	
1496	脪	興腎	曉開三B真上	
1497	濜	鉏紖	崇開三臻上	
1498	屒	珍忍	知開三真上	
1499	吻	武粉	明三C文上	
1500	粉	方吻	幫三C文上	
1501	憤	房吻	並三C文上	
1502	忿	敷粉	滂三C文上	
1503	惲	於粉	影合三C文上	
1504	齳	魚吻	疑合三C文上	
1505	抎	云粉	云合三C文上	
1506	𧼐	丘粉	溪合三C文上	
1507	隱	於謹	影開三C殷上	
1508	謹	居隱	見開三C殷上	
1509	𧤛	仄謹	莊開三臻上	
1510	赾	丘謹	溪開三C殷上	
1511	近	其謹	羣開三C殷上	
1512	齔	初謹	初開三臻上	
1513	听	牛謹	疑開三C殷上	
1514	䘆	休謹	曉開三C殷上	
1515	阮	虞遠	疑合三C元上	
1516	遠	雲阮	云合三C元上	
1517	偃	於幰	影開三C元上	
1518	湕	居偃	見開三C元上	
1519	寋	其偃	羣開三C元上	
1520	𧥛	去偃	溪開三C元上	
1521	𧥜	語偃	疑開三C元上	
1522	幰	虛偃	曉開三C元上	
1523	晚	無遠	明三C元上	
1524	反	府遠	幫三C元上	
1525	𧯦	求晚	羣合三C元上	
1526	婉	於阮	影合三C元上	
1527	䅚	去阮	溪合三C元上	
1528	暅	況晚	曉合三C元上	
1529	飯	扶晚	並三C元上	
1530	混	胡本	匣合一魂上	
1531	翉	普本	滂一魂上	
1532	忖	倉本	清合一魂上	
1533	本	布忖	幫一魂上	
1534	損	蘇本	心合一魂上	
1535	𠟃	兹損	精合一魂上	
1536	穩	烏本	影合一魂上	
1537	囤	徒損	定合一魂上	
1538	鱒	才本	從合一魂上	
1539	𩩌	古本	見合一魂上	
1540	畽	他袞	透合一魂上	
1541	閫	苦本	溪合一魂上	
1542	㤻	盧本	來合一魂上	
1543	獖	蒲本	並一魂上	
1544	懣	模本	明一魂上	
1545	㶧	乃本	泥合一魂上	
1546	𦃕	虛本	曉合一魂上	
1547	很	胡墾	匣開一痕上	
1548	墾	康很	溪開一痕上	
1549	䫀	古很	見開一痕上	
1550	旱	胡笴	匣開一寒上	
1551	亶	多旱	端開一寒上	
1552	坦	他但	透開一寒上	
1553	散	蘇旱	心開一寒上	
1554	但	徒旱	定開一寒上	
1555	瓚	藏旱	從開一寒上	
1556	笴	古旱	見開一寒上	
1557	嬾	落旱	來開一寒上	
1558	侃	空旱	溪開一寒上	
1559	䍐	呼旱	曉開一寒上	
1560	䰖	作旱	精開一寒上	
1561	緩	胡管	匣合一寒上	
1562	短	都管	端合一寒上	
1563	椀	烏管	影合一寒上	
1564	疃	吐緩	透合一寒上	
1565	算	蘇管	心合一寒上	
1566	管	古滿	見合一寒上	
1567	卵	盧管	來合一寒上	
1568	款	苦管	溪合一寒上	
1569	煗	乃管	泥合一寒上	
1570	纂	作管	精合一寒上	
1571	伴	蒲旱	並一寒上	
1572	滿	莫旱	明一寒上	
1573	粄	博管	幫一寒上	
1574	鄹	辝纂｟短｠〈矩〉	從合三虞上	
1575	斷	徒管	定合一寒上	
1576	攤	奴但	泥開一寒上	
1577	坢	普伴	滂一寒上	
1578	潸	數板	生開二刪上	
1579	綰	烏板	影合二刪上	
1580	版	布綰	幫二刪上	
1581	䩆	側板	莊開二刪上	
1582	赧	奴板	孃開二刪上	
1583	僩	下赧	匣開二刪上	
1584	睆	戶板	匣合二刪上	
1585	阪	扶板	並二刪上	
1586	矕	武板	明二刪上	
1587	𪘪	士板	崇開二刪上	
1588	𪗙	五板	疑開二刪上	
1589	㹽	初板	初開二刪上	
1590	眅	普板	滂二刪上	
1591	撰	雛鯇	崇合二刪上	
1592	產	所簡	生開二山上	
1593	限	胡簡	匣開二山上	
1594	𥇅	武簡	明二山上	
1595	簡	古限	見開二山上	
1596	剗	初限	初開二山上	
1597	棧	士限	崇開二山上	
1598	眼	五限	疑開二山上	
1599	醆	阻限	莊開二山上	
1600	㦃	初綰	初合二山上	
1601	齦	起限	溪開二山上	
1602	銑	蘇典	心開四先上	
1603	腆	他典	透開四先上	
1604	典	多殄	端開四先上	
1605	蝘	於殄	影開四先上	
1606	殄	徒典	定開四先上	
1607	繭	古典	見開四先上	
1608	峴	胡典	匣開四先上	
1609	顯	呼典	曉開四先上	
1610	㨠	彌殄	明四先上	
1611	撚	乃殄	泥開四先上	
1612	編	方典	幫四先上	
1613	泫	胡畎	匣合四先上	
1614	𡿨	姑泫	見合四先上	
1615	辮	薄泫	並四先上	
1616	犬	苦泫	溪合四先上	
1617	𥧬	牽繭	溪開四先上	
1618	齞	研峴	疑開四先上	
1619	獮	息淺	心開三仙上	
1620	演	以淺	以開三仙上	
1621	踐	慈演	從開三仙上	
1622	展	知演	知開三仙上	
1623	𦗢	旨善	章開三仙上	
1624	趁	尼展	孃開三仙上	
1625	淺	士〈七〉演	清開三仙上	
1626	闡	昌善	昌開三仙上	
1627	遣	去演	溪開三A仙上	
1628a	蹇	九輦	見開三B仙上	蹇謇搴𢷘𠐻𦂇𡾰藆𩽜䙭
1628b	𢵈	九輦（善）	見開三A仙上	𢵈
1629	善	常演	常開三仙上	
1630	翦	即淺	精開三仙上	
1631	蹨	人善	日開三仙上	
1632	𦆀	徐翦	邪開三仙上	
1633	輦	力展	來開三仙上	
1634	齴	魚蹇	疑開三B仙上	
1635	件	其輦	羣開三B仙上	
1636	辯	符蹇	並三B仙上	
1637	緬	彌兗	明三A仙上	
1638	褊	方緬	幫三A仙上	
1639	臇	子兗	精合三仙上	
1640	雋	徂兗	從合三仙上	
1641	辡	方免	幫三B仙上	
1642	兗	以轉	以合三仙上	
1643	臠	力兗	來合三仙上	
1644	轉	陟兗	知合三仙上	
1645	卷	居轉	見合三B仙上	
1646	圈	渠篆	羣合三B仙上	
1647	輭	而兗	日合三仙上	
1648	舛	昌兗	昌合三仙上	
1649	膞	市兗	常合三仙上	
1650	篆	持兗	澄合三仙上	
1651	剸	旨兗	章合三仙上	
1652	選	思兗	心合三仙上	
1653	撰	士免	崇合三仙上	
1654	蜎	狂兗	羣合三A仙上	
1655	蠉	香兗	曉合三A仙上	
1656	楩	符善	並三A仙上	
1657	免	亡辨	明三B仙上	
1658	搌	丑善	徹開三仙上	
1659	鴘	被〈披〉免	滂三B仙上	
1660	㒄	式善	書開三仙上	
1661	㫃	於蹇	影開三B仙上	
1662	邅	除善	澄開三仙上	
1663	棧	士免	崇開三仙上	
1664	篠	先鳥	心開四蕭上	
1665	皎	古了	見開四蕭上	
1666	鳥	都了	端開四蕭上	
1667	了	盧鳥	來開四蕭上	
1668	朓	土了	透開四蕭上	
1669	䥵	馨皛	曉開四蕭上	
1670	杳	烏晈	影開四蕭上	
1671	嬲	奴鳥	泥開四蕭上	
1672	皛	胡了	匣開四蕭上	
1673	窕	徒了	定開四蕭上	
1674	磽	苦皎	溪開四蕭上	
1675	湫	子了	精開四蕭上	
1676	小	私兆	心開三宵上	
1677	肈	治小	澄開三宵上	
1678	沼	之少	章開三宵上	
1679	夭	於兆	影開三B宵上	
1680	巐	丑小	徹開三宵上	
1681	少	書沼	書開三宵上	
1682	擾	而沼	日開三宵上	
1683	摽	符少	並三A宵上	
1684	𪍑	尺沼	昌開三宵上	
1685	縹	敷沼	滂三A宵上	
1686	眇	亡沼	明三A宵上	
1687	紹	市沼	常開三宵上	
1688	矯	居夭	見開三B宵上	
1689	表	陂矯	幫三B宵上	
1690	褾	方小	幫三A宵上	
1691	藨	平表	並三B宵上	
1692a	鷕	以沼｟小｠〈水〉	以合三脂上	鷕
1692b	溔	以沼	以開三宵上	溔舀𦥨抭𩨴䁘
1693	悄	親小	清開三宵上	
1694	剿	子小	精開三宵上	
1695	𨲭	巨夭	羣開三B宵上	
1696	繚	力小	來開三宵上	
1697	麃	滂表	滂三B宵上	
1698	闄	於小	影開三A宵上	
1699	巧	苦絞	溪開二肴上	
1700	澩	下巧	匣開二肴上	
1701	飽	博巧	幫二肴上	
1702	㺒	奴巧	孃開二肴上	
1703	卯	莫飽	明二肴上	
1704	絞	古巧	見開二肴上	
1705	爪	側絞	莊開二肴上	
1706	拗	於絞	影開二肴上	
1707	鮑	薄巧	並二肴上	
1708	齩	五巧	疑開二肴上	
1709	䰫	士絞	崇開二肴上	
1710	煼	初爪	初開二肴上	
1711	䝤	張絞	知開二肴上	
1712	㪢	山巧	生開二肴上	
1713	晧	胡老	匣開一豪上	
1714	抱	薄浩	並一豪上	
1715	老	盧晧	來開一豪上	
1716	討	他浩	透開一豪上	
1717	道	徒晧	定開一豪上	
1718	堖	奴晧	泥開一豪上	
1719	㛮	蘇老	心開一豪上	
1720	倒	都晧	端開一豪上	
1721	草	采老	清開一豪上	
1722	早	子晧	精開一豪上	
1723	皁	昨早	從開一豪上	
1724	暠	古老	見開一豪上	
1725	好	呼晧	曉開一豪上	
1726	蓩	武道	明一豪上	
1727	寶	博抱	幫一豪上	
1728	襖	烏晧	影開一豪上	
1729	考	苦浩	溪開一豪上	
1730	𦽀	五老	疑開一豪上	
1731	哿	古我	見開一歌上	
1732	瑳	千可	清開一歌上	
1733	嚲	丁可	端開一歌上	
1734	縒	蘇可	心開一歌上	
1735	爹	徒可	定開一歌上	
1736	我	五可	疑開一歌上	
1737	袉	吐可	透開一歌上	
1738	㰁	來可	來開一歌上	
1739	橠	奴可	泥開一歌上	
1740	荷	胡可	匣開一歌上	
1741	㰤	虛我	曉開一歌上	
1742	可	枯我	溪開一歌上	
1743	𨵌	烏可	影開一歌上	
1744	左	臧可	精開一歌上	
1745	果	古火	見合一歌上	
1746	埵	丁果	端合一歌上	
1747	鎖	蘇果	心合一歌上	
1748	墮	徒果	定合一歌上	
1749	妥	他果	透合一歌上	
1750	麼	亡果	明一歌上	
1751	坐	徂果	從合一歌上	
1752	㛂	五果	疑合一歌上	
1753	裸	郎果	來合一歌上	
1754	婐	烏果	影合一歌上	
1755	㛂	奴果	泥合一歌上	
1756	跛	布火	幫一歌上	
1757	叵	普火	滂一歌上	
1758	禍	胡果	匣合一歌上	
1759	火	呼果	曉合一歌上	
1760	顆	苦果	溪合一歌上	
1761	爸	捕可	並一歌上	
1762	脞	倉果	清合一歌上	
1763	硰	作｟子｠〈千〉可	清開一歌上	
1764	馬	莫下	明二麻上	
1765	者	章也	章開三麻上	
1766	野	羊者	以開三麻上	
1767	雅	五下	疑開二麻上	
1768	檟	古疋	見開二麻上	
1769	灑	砂下	生開二麻上	
1770	啞	烏下	影開二麻上	
1771	灺	徐野	邪開三麻上	
1772	下	胡雅	匣開二麻上	
1773	寫	悉姐	心開三麻上	
1774	𡎬	𩛠瓦	莊合二麻上	
1775	乜	彌也	明三A麻上	
1776	且	七也	清開三麻上	
1777	㗿	許下	曉開二麻上	
1778	社	常者	常開三麻上	
1779	跒	苦下	溪開二麻上	
1780	跁	傍下	並二麻上	
1781	捨	書冶	書開三麻上	
1782	姐	兹野	精開三麻上	
1783	把	博下	幫二麻上	
1784	踝	胡瓦	匣合二麻上	
1785	寡	古瓦	見合二麻上	
1786	瓦	五寡	疑合二麻上	
1787	若	人者	日開三麻上	
1788	鮓	側下	莊開二麻上	
1789	觰	都賈	知開二麻上	
1790	槎	士下	崇開二麻上	
1791	奲	昌者	昌開三麻上	
1792	䋾	竹下	知開二麻上	
1793	䋈	奴下	孃開二麻上	
1794	髁	苦瓦	溪合二麻上	
1795	䂳	叉瓦	初合二麻上	
1796	䊬	丑寡	徹合二麻上	
1797	葰	沙瓦	生合二麻上	
1798	奼	丑下	徹開二麻上	
1799	藞	盧下	來開二麻上	
1800	養	餘兩	以開三陽上	
1801	像	徐兩	邪開三陽上	
1802	㢡	即兩	精開三陽上	
1803	㒳	良㢡	來開三陽上	
1804	鞅	於兩	影開三C陽上	
1805	勥	其兩	羣開三C陽上	
1806	仰	魚兩	疑開三C陽上	
1807	磢	初兩	初開三陽上	
1808	想	息兩	心開三陽上	
1809	掌	諸兩	章開三陽上	
1810	𤕤	疎兩	生開三陽上	
1811	響	許兩	曉開三C陽上	
1812	敞	昌兩	昌開三陽上	
1813	繈	居兩	見開三C陽上	
1814	丈	直兩	澄開三陽上	
1815	昶	丑兩	徹開三陽上	
1816	獷	居往	見合三C陽上	
1817	壤	如兩	日開三陽上	
1818	賞	書兩	書開三陽上	
1819	髣	妃兩	滂三C陽上	
1820	网	文兩	明三C陽上	
1821	昉	分网	幫三C陽上	
1822	枉	紆往	影合三C陽上	
1823	往	于兩	云合三C陽上	
1824	怳	許昉	曉合三C陽上	
1825	搶	七兩	清開三陽上	
1826	長	知丈	知開三陽上	
1827	上	時掌	常開三陽上	
1828	俇	求往	羣合三C陽上	
1829	臩	俱往	見合三C陽上	
1830	𩦠	毗養｟兩｠〈霄〉	並三A宵平	
1831	䫪	初丈	初開三陽上	
1832	蕩	徒朗	定開一唐上	
1833	顙	蘇朗	心開一唐上	
1834	廣	古晃	見合一唐上	
1835	榜	北朗	幫一唐上	
1836	駔	子朗	精開一唐上	
1837	曩	奴朗	泥開一唐上	
1838	沆	胡朗	匣開一唐上	
1839	曭	他朗	透開一唐上	
1840	莽	模朗	明一唐上	
1841	黨	多朗	端開一唐上	
1842	朗	盧黨	來開一唐上	
1843	坱	烏朗	影開一唐上	
1844	慷	苦朗	溪開一唐上	
1845	㳹	烏晃	影合一唐上	
1846	晃	胡廣	匣合一唐上	
1847	髈	匹朗	滂一唐上	
1848	慌	呼晃	曉合一唐上	
1849	䴚	各朗	見開一唐上	
1850	䭹	五朗	疑開一唐上	
1851	奘	徂朗	從開一唐上	
1852	蒼	麁朗	清開一唐上	
1853	汻	呼朗	曉開一唐上	
1854	懬	丘晃	溪合一唐上	
1855	梗	古杏	見開二庚上	
1856	丙	兵永	幫三B庚上	
1857	警	居影	見開三B庚上	
1858	影	於丙	影開三B庚上	
1859	省	所景	生開三庚上	
1860	永	于憬	云合三B庚上	
1861	𦬺	許永	曉合三B庚上	
1862	皿	武永	明三B庚上	
1863	憬	俱永	見合三B庚上	
1864	杏	何梗	匣開二庚上	
1865	猛	莫幸（杏）	明二庚上	
1866	礦	古猛	見合二庚上	
1867	浜	布梗	幫二庚上	
1868	盯	張梗	知開二庚上	
1869	瑒	徒杏	澄開二庚上	
1870	䁝	烏猛	影合二庚上	
1871	打	德冷	端開二庚上	
1872	冷	魯打	來開二庚上	
1873	卝	呼〈乎〉䁝	匣合二庚上	
1874	鮩	蒲猛	並二庚上	
1875	𥉁	苦礦	溪合二庚上	
1876	檸	拏梗	孃開二庚上	
1877	耿	古幸	見開二耕上	
1878	䁅	武幸	明二耕上	
1879	幸	胡耿	匣開二耕上	
1880	𠊧	蒲幸	並二耕上	
1881	皏	普幸	滂二耕上	
1882	靜	疾郢	從開三清上	
1883	整	之郢	章開三清上	
1884	逞	丑郢	徹開三清上	
1885	郢	以整	以開三清上	
1886	痙	巨郢	羣開三A清上	
1887	潁	餘頃	以合三清上	
1888	領	良郢	來開三清上	
1889	頸	居郢	見開三A清上	
1890	餅	必郢	幫三A清上	
1891	頃	去潁	溪合三A清上	
1892	井	子郢	精開三清上	
1893	廮	於郢	影開三A清上	
1894	請	七靜	清開三清上	
1895	省	息井	心開三清上	
1896	眳	亡井	明三A清上	
1897	徎	丈井	澄開三清上	
1898	迥	戶頂	匣合四青上	
1899	熲	古迥	見合四青上	
1900	茗	莫迥	明四青上	
1901	頂	都挺	端開四青上	
1902	挺	徒鼎	定開四青上	
1903	珽	他鼎	透開四青上	
1904	汫	徂醒	從開四青上	
1905	濙	烏迥	影合四青上	
1906	謦	去挺	溪開四青上	
1907	𩕳	乃挺	泥開四青上	
1908	婞	胡頂	匣開四青上	
1909	醒	蘇挺	心開四青上	
1910	鞞	補鼎	幫四青上	
1911	褧	口迥	溪合四青上	
1912	剄	古挺	見開四青上	
1913	頩	匹迥	滂四青上	
1914	巊	烟涬	影開四青上	
1915	笭	力鼎	來開四青上	
1916	竝	蒲迥	並四青上	
1917	詗	火迥	曉合四青上	
1918	䀴	五剄	疑開四青上	
1919	拯	-	章開三蒸上	
1920	庱	丑拯	徹開三蒸上	
1921	殑	其拯	羣開三C蒸上	
1922	㱡	色庱	生開三蒸上	
1923	等	多肯	端開一登上	
1924	倗	普等	滂一登上	
1925	肯	苦等	溪開一登上	
1926	能	奴等	泥開一登上	
1927	有	云久	云三C尤上	
1928	柳	力久	來三尤上	
1929	狃	女久	孃三尤上	
1930	丑	敕久	徹三尤上	
1931	肘	陟柳	知三尤上	
1932	朽	許久	曉三C尤上	
1933	久	舉有	見三C尤上	
1934	首	書九	書三尤上	
1935	醜	昌九	昌三尤上	
1936	湫	在九	從三尤上	
1937	婦	房久	並三C尤上	
1938	缶	方久	幫三C尤上	
1939	糗	去久	溪三C尤上	
1940	蹂	人九	日三尤上	
1941	舅	其九	羣三C尤上	
1942	紂	除柳	澄三尤上	
1943	酉	與久	以三尤上	
1944	受	殖酉	常三尤上	
1945	滫	息有	心三尤上	
1946	䬀	於柳	影三C尤上	
1947	酒	子酉	精三尤上	
1948	溲	疎有	生三尤上	
1949	帚	之九	章三尤上	
1950	㤱	芳否	滂三C尤上	
1951	掫	側九	莊三尤上	
1952	𥣙	士九	崇三尤上	
1953	𩋄	初九	初三尤上	
1954	秠	芳婦	滂三C尤上	
1955	厚	胡口	匣一侯上	
1956	母	莫厚	明一侯上	
1957	部	蒲口	並一侯上	
1958	斗	當口	端一侯上	
1959	𪌘	天口	透一侯上	
1960	苟	古厚	見一侯上	
1961	藕	五口	疑一侯上	
1962	㨐	方垢	幫一侯上	
1963	㝅	乃后	泥一侯上	
1964	叜	蘇后	心一侯上	
1965	吼	呼后	曉一侯上	
1966	剖	普后	滂一侯上	
1967	歐	烏后	影一侯上	
1968	塿	郎斗	來一侯上	
1969	走	子苟	精一侯上	
1970	口	苦后	溪一侯上	
1971	䕆	徒口	定一侯上	
1972	鯫	仕垢	從一侯上	
1973	趣	倉苟	清一侯上	
1974	黝	於糾	影開三A幽上	
1975	糾	居黝	見開三A幽上	
1976	蟉	渠黝	羣開三A幽上	
1977	寑	七稔	清開三侵上	
1978	朕	直稔	澄開三侵上	
1979	坅	丘甚	溪開三B侵上	
1980	廩	力稔	來開三侵上	
1981	罧	斯甚	心開三侵上	
1982	踸	丑甚	徹開三侵上	
1983	䤐	子朕	精開三侵上	
1984	荏	如甚	日開三侵上	
1985	枕	章荏	章開三侵上	
1986	沈	式任〈荏〉	書開三侵上	
1987	葚	食荏	船開三侵上	
1988	甚	常枕	常開三侵上	
1989	瀋	昌枕	昌開三侵上	
1990	墋	初朕	初開三侵上	
1991	拰	尼凜	孃開三侵上	
1992	噤	渠飲	羣開三B侵上	
1993	錦	居飲	見開三B侵上	
1994	蕈	慈荏	從開三侵上	
1995	僸	牛錦	疑開三B侵上	
1996	㾕	疎錦	生開三侵上	
1997	稟	筆錦	幫三B侵上	
1998	㱃	於錦	影開三B侵上	
1999	品	丕飲	滂三B侵上	
2000	𩖄	欽錦	溪開三B侵上	
2001	廞	許錦	曉開三B侵上	
2002	戡	張甚	知開三侵上	
2003	潭	以荏	以開三侵上	
2004	𩒣	士｟仕｠〈丘〉㾕	溪開三B侵上	
2005	感	古禫	見開一覃上	
2006	禫	徒感	定開一覃上	
2007	晻	烏感	影開一覃上	
2008	腩	奴感	泥開一覃上	
2009	襑	他感	透開一覃上	
2010	歜	徂感	從開一覃上	
2011	慘	七感	清開一覃上	
2012	顉	五感	疑開一覃上	
2013	昝	子感	精開一覃上	
2014	糂	桑感	心開一覃上	
2015	坎	苦感	溪開一覃上	
2016	頷	胡感	匣開一覃上	
2017	壈	盧感	來開一覃上	
2018	黕	都感	端開一覃上	
2019	䫲	呼唵	曉開一覃上	
2020	敢	古覽	見開一談上	
2021	㶒	賞敢	書開三鹽上	
2022	覽	盧敢	來開一談上	
2023	𦵹	吐敢	透開一談上	
2024	膽	都敢	端開一談上	
2025	噉	徒敢	定開一談上	
2026	黲	倉敢	清開一談上	
2027	㛧	謨敢	明一談上	
2028	䭕	子敢	精開一談上	
2029	槧	才敢	從開一談上	
2030	喊	呼覽	曉開一談上	
2031	埯	烏敢	影開一談上	
2032	𠪚	口敢	溪開一談上	
2033	琰	以冉	以開三鹽上	
2034	斂	良冉	來開三鹽上	
2035	險	虛檢	曉開三B鹽上	
2036	貶	方斂	幫三B鹽上	
2037	颭	占琰	章開三鹽上	
2038	𩑳	丘檢	溪開三B鹽上	
2039	顩	魚檢	疑開三B鹽上	
2040	儉	巨險	羣開三B鹽上	
2041	檢	居奄	見開三B鹽上	
2042	黶	於琰	影開三A鹽上	
2043	冉	而琰	日開三鹽上	
2044	陝	失冉	書開三鹽上	
2045	諂	丑琰	徹開三鹽上	
2046	奄	衣儉	影開三B鹽上	
2047	漸	慈染	從開三鹽上	
2048	憸	七漸	清開三鹽上	
2049	𩟗	子冉	精開三鹽上	
2050	脥	謙琰	溪開三A鹽上	
2051	剡	時染	常開三鹽上	
2052	忝	他玷	透開四添上	
2053	淰	乃玷	泥開四添上	
2054	點	多忝	端開四添上	
2055	簟	徒玷	定開四添上	
2056	嗛	苦簟	溪開四添上	
2057	稴	力忝	來開四添上	
2058	鼸	胡忝	匣開四添上	
2059	憯	青忝	清開四添上	
2060	孂	兼｟居｠玷｟點｠〈黝〉	見開三A幽上	
2061	𡕢	明忝	明四添上	
2062	儼	魯〈魚〉掩〈埯〉	疑開三C嚴上	
2063	欦	丘广	溪開三C嚴上	
2064	埯	於广	影開三C嚴上	
2065	豏	下斬	匣開二咸上	
2066	湛	徒減	澄開二咸上	
2067	㦿	苦減	溪開二咸上	
2068	鹼	古斬	見開二咸上	
2069	瀺	士減	崇開二咸上	
2070	臉	力減	來開二咸上	
2071	斬	側減	莊開二咸上	
2072	䑎	初減	初開二咸上	
2073	鬫	火斬	曉開二咸上	
2074	摻	所斬	生開二咸上	
2075	黯	乙減	影開二咸上	
2076	喊	呼豏	曉開二咸上	
2077	𦊔	女減	孃開二咸上	
2078	𠐩	丑減	徹開二咸上	
2079	檻	胡黤	匣開二銜上	
2080	䫡	丘檻	溪開二銜上	
2081	㨻	山檻	生開二銜上	
2082	黤	於檻	影開二銜上	
2083	醶	初檻	初開二銜上	
2084	㺖	荒檻	曉開二銜上	
2085	巉	仕檻	崇開二銜上	
2086	范	防錽	並三C凡上	
2087	錽	亡范	明三C凡上	
2088	𦜒	府犯	幫三C凡上	
2089	凵	丘犯	溪開三C嚴上	
2090	釩	峯犯	滂三C凡上	
2091	𠑆	丑犯	徹開三嚴上	
2092	送	蘇弄	心一東去	
2093	鳳	馮貢	並三C東去	
2094	貢	古送	見一東去	
2095	弄	盧貢	來一東去	
2096	涷	多貢	端一東去	
2097	控	苦貢	溪一東去	
2098	糉	作弄	精一東去	
2099	瓮	烏貢	影一東去	
2100	謥	千弄	清一東去	
2101	洞	徒弄	定一東去	
2102	痛	他貢	透一東去	
2103	仲	直眾	澄三東去	
2104	諷	方鳳	幫三C東去	
2105	焪	去仲	溪三C東去	
2106	㝱	莫鳳	明三C東去	
2107	𧽒	香仲	曉三C東去	
2108	𢄐	莫弄	明一東去	
2109	趥	子〈千〉仲	清三東去	
2110	賵	撫鳳	滂三C東去	
2111	𣀒	徂送	從一東去	
2112	中	陟仲	知三東去	
2113	哄	胡貢	匣一東去	
2114	齈	奴凍	泥一東去	
2115	眾	之仲	章三東去	
2116	銃	充仲	昌三東去	
2117	㓽	仕仲	崇三東去	
2118	烘	呼貢	曉一東去	
2119	宋	蘇統	心一冬去	
2120	綜	子宋	精一冬去	
2121	統	他綜	透一冬去	
2122	雺	莫綜	明一冬去	
2123	䃔	乎宋	匣一冬去	
2124	用	余頌	以三鍾去	
2125	頌	似用	邪三鍾去	
2126	俸	扶用	並三C鍾去	
2127	共	渠用	羣三C鍾去	
2128	葑	方用	幫三C鍾去	
2129	供	居用	見三C鍾去	
2130	雍	於用	影三C鍾去	
2131	湩	竹用	知三鍾去	
2132	縱	子用	精三鍾去	
2133	蹱	丑用	徹三鍾去	
2134	䩸	而用	日三鍾去	
2135	種	之用	章三鍾去	
2136	重	柱用	澄三鍾去	
2137	贚	良用	來三鍾去	
2138	恐	區用	溪三C鍾去	
2139	從	疾用	從三鍾去	
2140	𢫨	穠用	孃三鍾去	
2141	絳	古巷	見二江去	
2142	巷	胡絳	匣二江去	
2143	戇	陟降	知二江去	
2144	䡴	直絳	澄二江去	
2145	𥈄	丑絳	徹二江去	
2146	漴	士絳	崇二江去	
2147	肨	匹絳	滂二江去	
2148	䎫	楚絳	初二江去	
2149	淙	色絳	生二江去	
2150	寘	支義	章開三支去	
2151	避	毗義	並三A支去	
2152	惴	之睡	章合三支去	
2153	詈	力智	來開三支去	
2154	豉	是義	常開三支去	
2155	積	子智	精開三支去	
2156	賜	斯義	心開三支去	
2157	爲	于僞	云合三B支去	
2158	䞈	詭僞	見合三B支去	
2159	帔	披義	滂三B支去	
2160	賁	彼義	幫三B支去	
2161	髲	平義	並三B支去	
2162	累	良僞	來合三支去	
2163	寄	居義	見開三B支去	
2164	臂	卑義	幫三A支去	
2165	芰	奇寄	羣開三B支去	
2166	刺	七賜	清開三支去	
2167	易	以豉	以開三支去	
2168	議	宜寄	疑開三B支去	
2169	譬	匹賜	滂三A支去	
2170	漬	疾智	從開三支去	
2171	智	知義	知開三支去	
2172	倚	於義	影開三B支去	
2173	縋	馳僞	澄合三支去	
2174	吹	尺僞	昌合三支去	
2175	戲	香義	曉開三B支去	
2176	企	去智	溪開三A支去	
2177	縊	於賜	影開三A支去	
2178	翅	施智	書開三支去	
2179	屣	所寄	生開三支去	
2180	觖	窺瑞	溪合三A支去	
2181	餧	於僞	影合三B支去	
2182	僞	危睡	疑合三B支去	
2183	毀	況僞	曉合三B支去	
2184	恚	於避	影合三A支去	
2185	睡	是僞	常合三支去	
2186	馶	居企	見開三A支去	
2187	䄲	而瑞	日合三支去	
2188	卶	充豉	昌開三支去	
2189	䅗	思累	心合三支去	
2190	娷	竹恚	知合三支去	
2191	瓗	以睡	以合三支去	
2192	諉	女恚	孃合三支去	
2193	瞡	規恚	見合三A支去	
2194	𧙁	爭義	莊開三支去	
2195	孈	呼恚	曉合三A支去	
2196	㞆	卿義	溪開三B支去	
2197	至	脂利	章開三脂去	
2198	位	于愧	云合三B脂去	
2199	郿	明祕	明三B脂去	
2200	遂	徐醉	邪合三脂去	
2201	醉	將遂	精合三脂去	
2202	邃	雖遂	心合三脂去	
2203	類	力遂	來合三脂去	
2204	祕	兵媚	幫三B脂去	
2205	匱	求位	羣合三B脂去	
2206	濞	匹備	滂三B脂去	
2207	備	平祕	並三B脂去	
2208	媿	俱位	見合三B脂去	
2209	帥	所類	生合三脂去	
2210	喟	丘愧	溪合三B脂去	
2211	豷	許位	曉合三B脂去	
2212	嗜	常利	常開三脂去	
2213	利	力至	來開三脂去	
2214	膩	女利	孃開三脂去	
2215	屁	匹寐	滂三A脂去	
2216	劓	魚器	疑開三B脂去	
2217	致	陟利	知開三脂去	
2218	棄	詰利	溪開三A脂去	
2219	緻	直利	澄開三脂去	
2220	寐	彌二	明三A脂去	
2221	杘	丑利	徹開三脂去	
2222	冀	几利	見開三B脂去	
2223	臮	具冀	羣開三B脂去	
2224	悸	其季	羣合三A脂去	
2225	翠	七醉	清合三脂去	
2226	二	而至	日開三脂去	
2227	恣	資四	精開三脂去	
2228	次	七四	清開三脂去	
2229	懿	乙冀	影開三B脂去	
2230	四	息利	心開三脂去	
2231	器	去冀	溪開三B脂去	
2232	季	居悸	見合三A脂去	
2233	鼻	毗至	並三A脂去	
2234	䁤	香季	曉合三A脂去	
2235	痹	必至	幫三A脂去	
2236	萃	秦醉	從合三脂去	
2237	地	徒四	定開四脂去	
2238	齂	虛器	曉開三B脂去	
2239	肄	羊至	以開三脂去	
2240	示	神至	船開三脂去	
2241	自	疾二	從開三脂去	
2242	墜	直類	澄合三脂去	
2243	出	尺類	昌合三脂去	
2244	遺	以醉	以合三脂去	
2245	侐	火季	曉合三A脂去	
2246	轛	追萃	知合三脂去	
2247	痓	充自	昌開三脂去	
2248	屍	矢利	書開三脂去	
2249	㿷	楚愧	初合三脂去	
2250	㽷	釋類	書合三脂去	
2251	志	職吏	章開三之去	
2252	值	直吏	澄開三之去	
2253	寺	祥吏	邪開三之去	
2254	蛓	七吏	清開三之去	
2255	笥	相吏	心開三之去	
2256	試	式吏	書開三之去	
2257	胾	側吏	莊開三之去	
2258	吏	力置	來開三之去	
2259	字	疾置	從開三之去	
2260	眙	丑吏	徹開三之去	
2261	餌	仍吏	日開三之去	
2262	駛	疎吏	生開三之去	
2263	廁	初吏	初開三之去	
2264	異	羊吏	以開三之去	
2265	置	陟吏	知開三之去	
2266	侍	時吏	常開三之去	
2267	事	鉏吏	崇開三之去	
2268	忌	渠記	羣開三C之去	
2269	熾	昌志	昌開三之去	
2270	意	於記	影開三C之去	
2271	記	居吏	見開三C之去	
2272	憙	許記	曉開三C之去	
2273	䰯	魚記	疑開三C之去	
2274	亟	去吏	溪開三C之去	
2275	未	無沸	明三C微去	
2276	貴	居胃	見合三C微去	
2277	胃	于貴	云合三C微去	
2278	魏	魚貴	疑合三C微去	
2279	沸	方味	幫三C微去	
2280	費	芳未	滂三C微去	
2281	𥽂	丘畏	溪合三C微去	
2282	尉	於胃	影合三C微去	
2283	諱	許貴	曉合三C微去	
2284	𥝋	扶涕〈沸〉	並三C微去	
2285	既	居豙	見開三C微去	
2286	毅	魚既	疑開三C微去	
2287	氣	去既	溪開三C微去	
2288	欷	許既	曉開三C微去	
2289	䤒	其既	羣開三C微去	
2290	衣	於既	影開三C微去	
2291	御	牛倨	疑開三C魚去	
2292	慮	良倨	來開三魚去	
2293	據	居御	見開三C魚去	
2294	覰	七慮	清開三魚去	
2295	㰦	近〈丘〉倨	溪開三C魚去	
2296	署	常恕	常開三魚去	
2297	恕	商署	書開三魚去	
2298	著	陟慮	知開三魚去	
2299	䬡	章恕	章開三魚去	
2300	疏	所去	生開三魚去	
2301	飫	依倨	影開三C魚去	
2302	箸	遟倨	澄開三魚去	
2303	遽	其據	羣開三C魚去	
2304	絮	息據	心開三魚去	
2305	助	牀據	崇開三魚去	
2306	怚	將預	精開三魚去	
2307	詛	莊助	莊開三魚去	
2308	洳	人恕	日開三魚去	
2309	豫	羊洳	以開三魚去	
2310	噓	許御	曉開三C魚去	
2311	女	尼據	孃開三魚去	
2312	楚	瘡據	初開三魚去	
2313	處	昌據	昌開三魚去	
2314	絮	抽據	徹開三魚去	
2315	𡱣	徐預	邪開三魚去	
2316	遇	牛具	疑合三C虞去	
2317	嫗	衣遇	影合三C虞去	
2318	樹	常句	常合三虞去	
2319	住	持遇	澄合三虞去	
2320	附	符遇	並三C虞去	
2321	注	之戍	章合三虞去	
2322	屨	九遇	見合三C虞去	
2323	昫	香句	曉合三C虞去	
2324	戍	傷遇	書合三虞去	
2325	裕	羊戍	以合三虞去	
2326	孺	而遇	日合三虞去	
2327	赴	芳遇	滂三C虞去	
2328	務	亡遇	明三C虞去	
2329	緅	子句	精合三虞去	
2330	懼	其遇	羣合三C虞去	
2331	芋	王遇	云合三C虞去	
2332	埾	才句	從合三虞去	
2333	捒	色句	生合三虞去	
2334	付	方遇	幫三C虞去	
2335	娶	七句	清合三虞去	
2336	註	中句	知合三虞去	
2337	驅	區遇	溪合三C虞去	
2338	菆	芻注	初合三虞去	
2339	𨳳	丑注	徹合三虞去	
2340	尠	思句	心合三虞去	
2341	屢	良遇	來合三虞去	
2342	暮	莫故	明一模去	
2343	渡	徒故	定一模去	
2344	路	洛故	來一模去	
2345	妒	當故	端一模去	
2346	菟	湯故	透一模去	
2347	顧	古暮	見一模去	
2348	誤	五故	疑一模去	
2349	護	胡誤	匣一模去	
2350	訴	桑故	心一模去	
2351	祚	昨誤	從一模去	
2352	笯	乃故	泥一模去	
2353	布	博故	幫一模去	
2354	汙	烏路	影一模去	
2355	怖	普故	滂一模去	
2356	厝	倉故	清一模去	
2357	絝	苦故	溪一模去	
2358	捕	薄故	並一模去	
2359	謼	荒故	曉一模去	
2360	作	臧𧙓〈祚〉	精一模去	
2361	霽	子計	精開四齊去	
2362	帝	都計	端開四齊去	
2363	嚌	在詣	從開四齊去	
2364	替	他計	透開四齊去	
2365	第	特計	定開四齊去	
2366	砌	七計	清開四齊去	
2367	細	蘇計	心開四齊去	
2368	詣	五計	疑開四齊去	
2369	計	古詣	見開四齊去	
2370	蒵	胡計	匣開四齊去	
2371	契	苦計	溪開四齊去	
2372	翳	於計	影開四齊去	
2373	謎	莫計	明四齊去	
2374	閉	博計	幫四齊去	
2375	慧	胡桂	匣合四齊去	
2376	桂	古惠	見合四齊去	
2377	嘒	呼惠	曉合四齊去	
2378	媲	匹詣	滂四齊去	
2379	薜	蒲計	並四齊去	
2380	麗	郎計	來開四齊去	
2381	𥱻	丑戾〈居〉	徹開三魚平	
2382	泥	奴計	泥開四齊去	
2383	㰥	呼計	曉開四齊去	
2384	祭	子例	精開三祭去	
2385	歲	相銳	心合三祭去	
2386	衛	于歲	云合三B祭去	
2387	芮	而銳	日合三祭去	
2388	贅	之芮	章合三祭去	
2389	𠻜	山芮	生合三祭去	
2390	毳	此芮	清合三祭去	
2391	銳	以芮	以合三祭去	
2392	綴	陟衛	知合三祭去	
2393	稅	舒芮	書合三祭去	
2394	弊	毗祭	並三A祭去	
2395	㯔	楚稅	初合三祭去	
2396	篲	祥歲	邪合三祭去	
2397	蔽	必袂	幫三A祭去	
2398	劌	居衛	見合三B祭去	
2399	袂	彌弊	明三A祭去	
2400	㡜	所例	生開三祭去	
2401	掣	尺制	昌開三祭去	
2402	制	征例	章開三祭去	
2403	逝	時制	常開三祭去	
2404	曳	餘制	以開三祭去	
2405	䋵	於罽	影開三B祭去	
2406	藝	魚祭	疑開三A祭去	
2407	滯	直例	澄開三祭去	
2408	例	力制	來開三祭去	
2409	憩	去例	溪開三B祭去	
2410	世	舒制	書開三祭去	
2411	猘	居例	見開三B祭去	
2412	㿃	竹例	知開三祭去	
2413	偈	其憩	羣開三B祭去	
2414	啜	嘗芮	常合三祭去	
2415	跇	丑例	徹開三祭去	
2416	𨧨	除芮	澄合三祭去	
2417	㓷	牛例	疑開三B祭去	
2418	蕝	子芮	精合三祭去	
2419	潎	匹蔽	滂三A祭去	
2420	𥏙	丘吠	溪合三C廢去	
2421	䂕	呼吠	曉合三C廢去	
2422	泰	他蓋	透開一泰去	
2423	蓋	古太	見開一泰去	
2424	艾	五蓋	疑開一泰去	
2425	藹	於蓋	影開一泰去	
2426	柰	奴帶	泥開一泰去	
2427	大	徒蓋	定開一泰去	
2428	害	胡蓋	匣開一泰去	
2429	帶	當蓋	端開一泰去	
2430	貝	博蓋	幫一泰去	
2431	霈	普蓋	滂一泰去	
2432	會	黃外	匣合一泰去	
2433	兌	杜外	定合一泰去	
2434	儈	古外	見合一泰去	
2435	最	祖外	精合一泰去	
2436	𧬨	呼會	曉合一泰去	
2437	𥢶	苦會	溪合一泰去	
2438	酹	郎外	來合一泰去	
2439	外	五會	疑合一泰去	
2440	祋	丁外	端合一泰去	
2441	懀	烏外	影合一泰去	
2442	蕞	才外	從合一泰去	
2443	𥕸	先外	心合一泰去	
2444	襊	麤最	清合一泰去	
2445	旆	蒲蓋	並一泰去	
2446	磕	苦蓋	溪開一泰去	
2447	蔡	倉大	清開一泰去	
2448	賴	落蓋	來開一泰去	
2449	餀	呼艾	曉開一泰去	
2450	娧	他外	透合一泰去	
2451	眜	莫貝	明一泰去	
2452	𦦣	七外	清合一泰去	
2453	卦	古賣	見合二佳去	
2454	懈	古隘	見開二佳去	
2455	隘	烏懈	影開二佳去	
2456	邂	胡懈	匣開二佳去	
2457	賣	莫懈	明二佳去	
2458	畫	胡卦	匣合二佳去	
2459	差	楚懈	初開二佳去	
2460	睚	五懈	疑開二佳去	
2461	謑	火懈	曉開二佳去	
2462	𢈕	方卦	幫二佳去	
2463	粺	傍卦	並二佳去	
2464	㾹	七〈士〉懈	崇開二佳去	
2465	派	匹卦	滂二佳去	
2466	債	側賣	莊開二佳去	
2467	𡢖	苦賣	溪開二佳去	
2468	曬	所賣	生開二佳去	
2469	諣	呼卦	曉合二佳去	
2470	㠔	方賣	幫二佳去	
2471	膪	竹賣	知開二佳去	
2472	怪	古壞	見合二皆去	
2473	噫	烏界	影開二皆去	
2474	瘵	側界	莊開二皆去	
2475	誡	古拜	見開二皆去	
2476	褹	女介	孃開二皆去	
2477	譮	許介	曉開二皆去	
2478	械	胡介	匣開二皆去	
2479	𦗐	五介	疑開二皆去	
2480	蒯	苦怪	溪合二皆去	
2481	𢷎	博怪	幫二皆去	
2482	湃	普拜	滂二皆去	
2483	壞	胡怪	匣合二皆去	
2484	聵	五怪	疑合二皆去	
2485	𢞎	蒲拜	並二皆去	
2486	䀛	莫拜	明二皆去	
2487	𧱳	火怪	曉合二皆去	
2488	鎩	所拜	生開二皆去	
2489	烗	苦戒	溪開二皆去	
2490	顡	他〈迍〉怪	知合二皆去	
2491	夬	古賣（邁）	見合二夬去	
2492	快	苦夬	溪合二夬去	
2493	邁	莫話	明二夬去	
2494	話	下快	匣合二夬去	
2495	敗	薄邁	並二夬去	
2496	䵳	烏快	影合二夬去	
2497	嘬	楚夬	初合二夬去	
2498	犗	古喝	見開二夬去	
2499	蠆	丑犗	徹開二夬去	
2500	喝	於犗	影開二夬去	
2501	𠱡	所犗	生開二夬去	
2502	𦤧	除邁	澄開二夬去	
2503	䜕	火犗	曉開二夬去	
2504	咶	火夬	曉合二夬去	
2505	敗	補邁	幫二夬去	
2506	啐	倉夬	初合二夬去	
2507	寨	豺夬	崇開二夬去	
2508	㕢	何犗	匣開二夬去	
2509	隊	徒對	定合一灰去	
2510	佩	蒲昧	並一灰去	
2511	妹	莫佩	明一灰去	
2512	配	滂佩	滂一灰去	
2513	誨	荒內	曉合一灰去	
2514	對	都隊	端合一灰去	
2515	倅	七內	清合一灰去	
2516	晬	子對	精合一灰去	
2517	𩲄	烏繢	影合一灰去	
2518	退	他內	透合一灰去	
2519	憒	古對	見合一灰去	
2520	潰	胡對	匣合一灰去	
2521	塊	苦對	溪合一灰去	
2522	碎	蘇內	心合一灰去	
2523	內	奴對	泥合一灰去	
2524	纇	盧對	來合一灰去	
2525	背	補妹	幫一灰去	
2526	磑	五對	疑合一灰去	
2527	蚚	胡輩	匣合一灰去	
2528	代	徒耐	定開一咍去	
2529	載	作代	精開一咍去	
2530	䆀	莫代	明一灰去	
2531	賽	先代	心開一咍去	
2532	貸	他代	透開一咍去	
2533	溉	古代	見開一咍去	
2534	慨	苦蓋（愛）	溪開一咍去	
2535	礙	五溉	疑開一咍去	
2536	愛	烏代	影開一咍去	
2537	瀣	胡槩	匣開一咍去	
2538	耐	奴代	泥開一咍去	
2539	戴	都代	端開一咍去	
2540	賚	洛代	來開一咍去	
2541	菜	倉代	清開一咍去	
2542	載	昨代	從開一咍去	
2543	儗	海愛	曉開一咍去	
2544	廢	方肺	幫三C廢去	
2545	肺	方〈芳〉廢	滂三C廢去	
2546	穢	於廢	影合三C廢去	
2547	吠	符廢	並三C廢去	
2548	喙	許穢	曉合三C廢去	
2549	𤜂	渠穢	羣合三C廢去	
2550	刈	魚肺	疑開三C廢去	
2551	震	章刃	章開三真去	
2552	信	息晉	心開三真去	
2553	刃	而振	日開三真去	
2554	胤	羊晉	以開三真去	
2555	遴	良刃	來開三真去	
2556	儐	必刃	幫三A真去	
2557	敶	直刃	澄開三真去	
2558	慎	時刃	常開三真去	
2559	眒	試刃	書開三真去	
2560	菣	去刃	溪開三A真去	
2561	賮	徐（疾）刃	從開三真去	
2562	憖	魚覲	疑開三B真去	
2563	晉	即刃	精開三真去	
2564	衅	許覲	曉開三B真去	
2565	鎮	陟刃	知開三真去	
2566	僅	渠遴	羣開三B真去	
2567	櫬	初覲	初開三臻去	
2568	印	於刃	影開三A真去	
2569	疢	丑刃	徹開三真去	
2570	𣎳	匹刃	滂三A真去	
2571	親	七遴	清開三真去	
2572	螼	羌印	溪開三A真去	
2573	呁	九峻	見合三A真去	
2574	稕	之閏	章合三真去	
2575	𡺲	私閏	心合三真去	
2576	殉	辭閏	邪合三真去	
2577	儁	子峻	精合三真去	
2578	舜	舒閏	書合三真去	
2579	閏	如順	日合三真去	
2580	順	食閏	船合三真去	
2581	問	亡運	明三C文去	
2582	運	王問	云合三C文去	
2583	訓	許運	曉合三C文去	
2584	湓	匹問	滂三C文去	
2585	糞	方問	幫三C文去	
2586	醞	於問	影合三C文去	
2587	攈	居運	見合三C文去	
2588	郡	渠運	羣合三C文去	
2589	分	扶問	並三C文去	
2590	焮	香靳	曉開三C殷去	
2591	靳	居焮	見開三C殷去	
2592	近	巨靳	羣開三C殷去	
2593	㒚	於靳	影開三C殷去	
2594	垽	吾靳	疑開三C殷去	
2595	願	魚怨	疑合三C元去	
2596	怨	於願	影合三C元去	
2597	販	方願	幫三C元去	
2598	券	去願	溪合三C元去	
2599	万	無販	明三C元去	
2600	飯	符万	並三C元去	
2601	嬎	芳万	滂三C元去	
2602	建	居万	見開三C元去	
2603	堰	於建	影開三C元去	
2604	獻	許建	曉開三C元去	
2605	楥	虛願	曉合三C元去	
2606	健	渠建	羣開三C元去	
2607	𣀔	芳｟反｠〈叉〉万	初合三元去	
2608	遠	于願	云合三C元去	
2609	𤬝	語堰	疑開三C元去	
2610	圈	臼万	羣合三C元去	
2611	卛	居願	見合三C元去	
2612	慁	胡困	匣合一魂去	
2613	頓	都困	端合一魂去	
2614	巽	蘇困	心合一魂去	
2615	困	苦悶	溪合一魂去	
2616	嫩	奴困	泥合一魂去	
2617	搵	烏困	影合一魂去	
2618	悶	莫困	明一魂去	
2619	鐏	徂悶	從合一魂去	
2620	睔	古困	見合一魂去	
2621	噴	普悶	滂一魂去	
2622	鈍	徒困	定合一魂去	
2623	寸	倉困	清合一魂去	
2624	坌	蒲悶	並一魂去	
2625	顐	五困	疑合一魂去	
2626	論	盧困	來合一魂去	
2627	奔	甫悶	幫一魂去	
2628	惛	呼悶	曉合一魂去	
2629	焌	子寸	精合一魂去	
2630	恨	胡艮	匣開一痕去	
2631	艮	古恨	見開一痕去	
2632	䭓	五恨	疑開一痕去	
2633	䭡	烏恨	影開一痕去	
2634	翰	侯旰	匣開一寒去	
2635	炭	他旦	透開一寒去	
2636	按	烏旰	影開一寒去	
2637	旦	得按	端開一寒去	
2638	憚	徒案	定開一寒去	
2639	旰	古案	見開一寒去	
2640	岸	五旰	疑開一寒去	
2641	侃	苦旰	溪開一寒去	
2642	漢	呼旰	曉開一寒去	
2643	爛	郎旰	來開一寒去	
2644	攤	奴案	泥開一寒去	
2645	粲	蒼案	清開一寒去	
2646	繖	蘇旰	心開一寒去	
2647	贊	則旰	精開一寒去	
2648	㜺	祖〈徂〉贊	從開一寒去	
2649	換	胡玩	匣合一寒去	
2650	䂎	子筭	精合一寒去	
2651	惋	烏貫	影合一寒去	
2652	貫	古玩	見合一寒去	
2653	竄	七亂	清合一寒去	
2654	玩	五換	疑合一寒去	
2655	段	徒玩	定合一寒去	
2656	亂	郎段	來合一寒去	
2657	鍛	丁貫	端合一寒去	
2658	彖	通貫	透合一寒去	
2659	喚	火貫	曉合一寒去	
2660	筭	蘇貫	心合一寒去	
2661	縵	莫半	明一寒去	
2662	半	博慢〈漫〉	幫一寒去	
2663	判	普半	滂一寒去	
2664	叛	薄半	並一寒去	
2665	偄	奴亂	泥合一寒去	
2666	攢	在玩	從合一寒去	
2667	䥗	口喚	溪合一寒去	
2668	諫	古晏	見開二刪去	
2669	鴈	五晏	疑開二刪去	
2670	晏	烏澗	影開二刪去	
2671	訕	所晏	生開二刪去	
2672	骭	下晏	匣開二刪去	
2673	慢	謨晏	明二刪去	
2674	綰	烏患	影合二刪去	
2675	患	胡慣	匣合二刪去	
2676	慣	古患	見合二刪去	
2677	㝈	生患	生合二刪去	
2678	篡	初患	初合二刪去	
2679	薍	五患	疑合二刪去	
2680	輚	士諫	崇開二刪去	
2681	襻	普患	滂二刪去	
2682	奻	女患	孃合二刪去	
2683	羼	初鴈	初開二刪去	
2684	㬄	丑晏	徹開二刪去	
2685	襇	古莧	見開二山去	
2686	莧	侯襇	匣開二山去	
2687	瓣	蒲莧	並二山去	
2688	盼	匹莧	滂二山去	
2689	幻	胡辨	匣合二山去	
2690	蔄	亡莧	明二山去	
2691	袒	丈莧	澄開二山去	
2692	扮	晡幻	幫二山去	
2693	鰥	古幻	見合二山去	
2694	霰	蘇佃	心開四先去	
2695	蒨	倉甸	清開四先去	
2696	絢	許縣	曉合四先去	
2697	縣	黃練	匣合四先去	
2698	睊	古縣	見合四先去	
2699	電	堂練	定開四先去	
2700	瑱	他甸	透開四先去	
2701	練	郎甸	來開四先去	
2702	見	古電	見開四先去	
2703	晛	奴甸	泥開四先去	
2704	俔	苦甸	溪開四先去	
2705	見	胡甸	匣開四先去	
2706	硯	吾甸	疑開四先去	
2707	宴	於甸	影開四先去	
2708	薦	作甸	精開四先去	
2709	麪	莫甸	明四先去	
2710	片	普麵	滂四先去	
2711	荐	在甸	從開四先去	
2712	䬼	烏縣	影合四先去	
2713	殿	都甸	端開四先去	
2714	𩎌	呼甸	曉開四先去	
2715	線	私箭	心開三仙去	
2716	戰	之膳	章開三仙去	
2717	繕	時戰	常開三仙去	
2718	彥	魚變	疑開三B仙去	
2719	譴	去戰	溪開三A仙去	
2720	絹	吉掾	見合三A仙去	
2721	瑗	王眷	云合三B仙去	
2722	面	彌箭	明三A仙去	
2723	釧	尺絹	昌合三仙去	
2724	掾	以絹	以合三仙去	
2725	𩥇	陟扇	知開三仙去	
2726	𤲬	人絹	日合三仙去	
2727	箭	子賤	精開三仙去	
2728	硟	昌戰	昌開三仙去	
2729	扇	式戰	書開三仙去	
2730	躽	於扇	影開三B仙去	
2731	眷	居倦	見合三B仙去	
2732	倦	渠卷	羣合三B仙去	
2733	戀	力卷	來合三仙去	
2734	猭	丑戀	徹合三仙去	
2735	變	彼眷	幫三B仙去	
2736	𨏉	所眷	生合三仙去	
2737	縓	七絹	清合三仙去	
2738	卞	皮變	並三B仙去	
2739	㳬	辝戀	邪合三仙去	
2740	選	息絹	心合三仙去	
2741	䉵	七〈士〉戀	崇合三仙去	
2742	孨	莊眷	莊合三仙去	
2743	傳	直戀	澄合三仙去	
2744	賤	才線	從開三仙去	
2745	羨	似面	邪開三仙去	
2746	騗	匹戰	滂三A仙去	
2747	𢮨	時釧	常合三仙去	
2748	輾	女箭	孃開三仙去	
2749	囀	知戀	知合三仙去	
2750	衍	于〈予〉線	以開三仙去	
2751	便	婢面	並三A仙去	
2752	邅	持碾	澄開三仙去	
2753	𤹨	連彥	來開三仙去	
2754	䄐	區倦	溪合三B仙去	
2755	剸	之囀	章合三仙去	
2756	徧	方見	幫四先去	
2757	嘯	蘇弔	心開四蕭去	
2758	糶	他弔	透開四蕭去	
2759	弔	多嘯	端開四蕭去	
2760	叫	古弔	見開四蕭去	
2761	尿	奴弔	泥開四蕭去	
2762	藋	徒弔	定開四蕭去	
2763	竅	苦弔	溪開四蕭去	
2764	𩕐	力弔	來開四蕭去	
2765	顤	五弔	疑開四蕭去	
2766	窔	烏叫	影開四蕭去	
2767a	㱇	火弔〈即〉	曉開三C蒸入	㱇
2767b	嬈	火弔	曉開四蕭去	嬈
2767c	娎	火〈丈〉弔｟叫｠〈列〉	澄開三仙入	娎
2768	笑	私妙	心開三宵去	
2769	照	之少	章開三宵去	
2770	燿	弋照	以開三宵去	
2771	要	於笑	影開三A宵去	
2772	召	直照	澄開三宵去	
2773	邵	寔照	常開三宵去	
2774	嶠	渠廟	羣開三B宵去	
2775	剽	匹妙	滂三A宵去	
2776	噍	才笑	從開三宵去	
2777	妙	彌笑	明三A宵去	
2778	陗	七肖	清開三宵去	
2779	尞	力照	來開三宵去	
2780	趬	丘召	溪開三B宵去	
2781	𧇠	牛召	疑開三B宵去	
2782	醮	子肖	精開三宵去	
2783	廟	眉召	明三B宵去	
2784	驃	毗召	並三A宵去	
2785	少	失照	書開三宵去	
2786	脁	丑召	徹開三宵去	
2787	裱	方廟	幫三B宵去	
2788	翹	巨要	羣開三A宵去	
2789	饒	人要	日開三宵去	
2790	效	胡教	匣開二肴去	
2791	教	古孝	見開二肴去	
2792	孝	呼教	曉開二肴去	
2793	罩	都教	知開二肴去	
2794	豹	北教	幫二肴去	
2795	敲	苦教	溪開二肴去	
2796	皃	莫教	明二肴去	
2797	奅	匹皃	滂二肴去	
2798	趠	丑教	徹開二肴去	
2799	稍	所教	生開二肴去	
2800	棹	直教	澄開二肴去	
2801	橈	奴教	孃開二肴去	
2802	抓	側教	莊開二肴去	
2803	靤	防教	並二肴去	
2804	抄	初教	初開二肴去	
2805	靿	於教	影開二肴去	
2806	樂	五教	疑開二肴去	
2807	巢	七〈士〉稍	崇開二肴去	
2808	号	胡到	匣開一豪去	
2809	導	徒到	定開一豪去	
2810	到	都導	端開一豪去	
2811	誥	古到	見開一豪去	
2812	傲	五到	疑開一豪去	
2813	冃	莫報	明一豪去	
2814	嫪	郎到	來開一豪去	
2815	操	七到	清開一豪去	
2816	暴	薄報	並一豪去	
2817	報	博秏	幫一豪去	
2818	漕	在到	從開一豪去	
2819	奧	烏到	影開一豪去	
2820	喿	蘇到	心開一豪去	
2821	𩝝	苦到	溪開一豪去	
2822	竈	則到	精開一豪去	
2823	秏	呼到	曉開一豪去	
2824	腝	那到	泥開一豪去	
2825	箇	古賀	見開一歌去	
2826	賀	胡箇	匣開一歌去	
2827	佐	則箇	精開一歌去	
2828	跢	丁佐	端開一歌去	
2829	邏	郎佐	來開一歌去	
2830	坷	口箇	溪開一歌去	
2831	餓	五个	疑開一歌去	
2832	馱	唐佐	定開一歌去	
2833	奈	奴箇	泥開一歌去	
2834	些	蘇箇	心開一歌去	
2835	呵	呼箇	曉開一歌去	
2836	拖	吐邏	透開一歌去	
2837	過	古臥	見合一歌去	
2838	和	胡臥	匣合一歌去	
2839	挫	則臥	精合一歌去	
2840	課	苦臥	溪合一歌去	
2841	唾	湯臥	透合一歌去	
2842	播	補過	幫一歌去	
2843	剉	麤臥	清合一歌去	
2844	磨	摸臥	明一歌去	
2845	愞	乃臥	泥合一歌去	
2846	破	普過	滂一歌去	
2847	座	徂臥	從合一歌去	
2848	臥	吾貨	疑合一歌去	
2849	諎	千過	清開一歌去	
2850	貨	呼臥	曉合一歌去	
2851	惰	徒臥	定合一歌去	
2852	縛	符臥	並三C歌去	
2853	䇔	魯過	來合一歌去	
2854	𣑫	都唾	端合一歌去	
2855	磋	七過	清開一歌去	
2856	䐝	先臥	心合一歌去	
2857	侉	安賀	影開一歌去	
2858	涴	烏臥	影合一歌去	
2859	禡	莫駕	明二麻去	
2860	駕	古訝	見開二麻去	
2861	亞	衣嫁	影開二麻去	
2862	嚇	呼訝	曉開二麻去	
2863	迓	吾駕	疑開二麻去	
2864	詫	丑亞	徹開二麻去	
2865	吒	陟駕	知開二麻去	
2866	詐	側駕	莊開二麻去	
2867	乍	鋤駕	崇開二麻去	
2868	謝	辝夜	邪開三麻去	
2869	髂	枯駕	溪開二麻去	
2870	暇	胡駕	匣開二麻去	
2871	褯	慈夜	從開三麻去	
2872	夜	羊謝	以開三麻去	
2873	䞣	充夜	昌開三麻去	
2874	蝑	司夜	心開三麻去	
2875	柘	之夜	章開三麻去	
2876	唶	子夜	精開三麻去	
2877	舍	始夜	書開三麻去	
2878	射	神夜	船開三麻去	
2879	霸	必駕	幫二麻去	
2880	帊	普駕	滂二麻去	
2881	摦	胡化	匣合二麻去	
2882	化	呼霸	曉合二麻去	
2883	跨	苦化	溪合二麻去	
2884	誜	所化	生合二麻去	
2885	𤝡	白駕	並二麻去	
2886	䏧	乃亞	孃開二麻去	
2887	笡	遷謝	清開三麻去	
2888	嗄	所嫁	生開二麻去	
2889	坬	古罵	見合二麻去	
2890	䖳	除駕	澄開二麻去	
2891	瓦	五化	疑合二麻去	
2892	攨	烏㕦	影合二麻去	
2893	漾	餘亮	以開三陽去	
2894	亮	力讓	來開三陽去	
2895	狀	鋤亮	崇開三陽去	
2896	讓	人㨾	日開三陽去	
2897	餉	式亮	書開三陽去	
2898	帳	知亮	知開三陽去	
2899	悵	丑亮	徹開三陽去	
2900	向	許亮	曉開三C陽去	
2901	仗	直亮	澄開三陽去	
2902	釀	女亮	孃開三陽去	
2903	匠	疾亮	從開三陽去	
2904	障	之亮	章開三陽去	
2905	尚	時亮	常開三陽去	
2906	壯	側亮	莊開三陽去	
2907	怏	於亮	影開三C陽去	
2908	弶	其亮	羣開三C陽去	
2909	唱	尺亮	昌開三陽去	
2910	刱	初亮	初開三陽去	
2911	醬	于〈子〉亮	精開三陽去	
2912	𨋕	魚向	疑開三C陽去	
2913	訪	敷亮	滂三C陽去	
2914	妄	巫放	明三C陽去	
2915	況	許訪	曉合三C陽去	
2916	誑	居況	見合三C陽去	
2917	迋	于放	云合三C陽去	
2918	放	甫妄	幫三C陽去	
2919	相	息亮	心開三陽去	
2920	殭	居亮	見開三C陽去	
2921	唴	丘亮	溪開三C陽去	
2922	蹡	七亮	清開三陽去	
2923	狂	渠放	羣合三C陽去	
2924	防	符況	並三C陽去	
2925	宕	徒浪	定開一唐去	
2926	浪	來宕	來開一唐去	
2927	吭	下浪	匣開一唐去	
2928	盎	烏浪	影開一唐去	
2929	枊	五浪	疑開一唐去	
2930	葬	則浪	精開一唐去	
2931	傍	蒲浪	並一唐去	
2932	藏	徂浪	從開一唐去	
2933	譡	丁浪	端開一唐去	
2934	抗	苦浪	溪開一唐去	
2935	螃	補曠	幫一唐去	
2936	儻	他浪	透開一唐去	
2937	曠	苦謗	溪合一唐去	
2938	儾	奴浪	泥開一唐去	
2939	喪	蘇浪	心開一唐去	
2940	攩	乎曠	匣合一唐去	
2941	桄	古曠	見合一唐去	
2942	鋼	古浪	見開一唐去	
2943	荒	呼浪	曉合一唐去	
2944	漭	莫浪	明一唐去	
2945	汪	烏浪	影合一唐去	
2946	映	於敬	影開三B庚去	
2947	敬	居慶	見開三B庚去	
2948	競	渠敬	羣開三B庚去	
2949	慶	丘敬	溪開三B庚去	
2950	更	古孟	見開二庚去	
2951	命	眉病	明三B庚去	
2952	病	皮命	並三B庚去	
2953	孟	莫更	明二庚去	
2954	蝗	戶孟	匣合二庚去	
2955	柄	陂病	幫三B庚去	
2956	詠	爲命	云合三B庚去	
2957	行	下更	匣開二庚去	
2958	瀴	於孟	影開二庚去	
2959	㵾	楚敬	初開三庚去	
2960	倀	猪孟	知開二庚去	
2961	牚	他孟	徹開二庚去	
2962	榜	北孟	幫二庚去	
2963	鋥	除更	澄開二庚去	
2964	生	所敬	生開三庚去	
2965	迎	魚敬	疑開三B庚去	
2966	膨	蒲孟	並二庚去	
2967	䛭	許更	曉開二庚去	
2968	𥥈	烏橫	影合二庚去	
2969	諍	側迸	莊開二耕去	
2970	迸	北諍	幫二耕去	
2971	𠊧	蒲迸	並二耕去	
2972	䙬	鷖迸	影開二耕去	
2973	鞕	五爭	疑開二耕去	
2974	轟	呼迸	曉合二耕去	
2975	勁	居正	見開三A清去	
2976	倩	七政	清開三清去	
2977	政	之盛	章開三清去	
2978	聖	式正	書開三清去	
2979	鄭	直正	澄開三清去	
2980	遉	丑鄭	徹開三清去	
2981	性	息正	心開三清去	
2982	令	力政	來開三清去	
2983	聘	匹正	滂三A清去	
2984	敻	休正	曉合三A清去	
2985	摒	畀政	幫三A清去	
2986	偋	防正	並三A清去	
2987	淨	疾政	從開三清去	
2988	盛	承正	常開三清去	
2989	詺	彌正	明三A清去	
2990	輕	墟正	溪開三A清去	
2991a	欦	許｟火｠令〈含〉	曉開一覃平	欦
2991b	𩈡	許令	曉開三A清去	𩈡
2992	精	子姓	精開三清去	
2993	徑	古定	見開四青去	
2994	甯	乃定	泥開四青去	
2995	腥	蘇佞	心開四青去	
2996	脛	胡定	匣開四青去	
2997	定	徒徑	定開四青去	
2998	矴	丁定	端開四青去	
2999	罄	苦定	溪開四青去	
3000	聽	他定	透開四青去	
3001	靘	千定	清開四青去	
3002	䒌	莫定	明四青去	
3003	鎣	烏定	影合四青去	
3004	零	郎定	來開四青去	
3005	證	諸應	章開三蒸去	
3006	孕	以證	以開三蒸去	
3007	乘	實證	船開三蒸去	
3008	認	而證	日開三蒸去	
3009	應	於證	影開三C蒸去	
3010	甑	子孕	精開三蒸去	
3011	興	許應	曉開三C蒸去	
3012	勝	詩證	書開三蒸去	
3013	瞪	丈證	澄開三蒸去	
3014	𩜁	里甑	來開三蒸去	
3015	凭	皮證	並三B蒸去	
3016	稱	昌孕	昌開三蒸去	
3017	凝	牛𩜁	疑開三C蒸去	
3018	丞	常證	常開三蒸去	
3019	覴	丑證	徹開三蒸去	
3020	殑	其𩜁	羣開三C蒸去	
3021	嶝	都鄧	端開一登去	
3022	贈	昨亙	從開一登去	
3023	亙	古鄧	見開一登去	
3024	蹭	千鄧	清開一登去	
3025	鄧	徒亙	定開一登去	
3026	懵	武亙	明一登去	
3027	𥦜	方隥	幫一登去	
3028	倗	父鄧	並一登去	
3029	踜	魯鄧	來開一登去	
3030	增	子鄧	精開一登去	
3031	𡬙	思贈	心開一登去	
3032	𤃶	台鄧	透開一登去	
3033	宥	于救	云三C尤去	
3034	救	居祐	見三C尤去	
3035	胄	直祐	澄三尤去	
3036	晝	陟救	知三尤去	
3037	狩	舒救	書三尤去	
3038	臭	尺救	昌三尤去	
3039	岫	似祐	邪三尤去	
3040	齅	許救	曉三C尤去	
3041	呪	職救	章三尤去	
3042	舊	巨救	羣三C尤去	
3043	𤸃	所祐	生三尤去	
3044	皺	側救	莊三尤去	
3045	副	敷救	滂三C尤去	
3046	簉	初救	初三尤去	
3047	富	方副	幫三C尤去	
3048	畜	丑救	徹三尤去	
3049	溜	力救	來三尤去	
3050	秀	息救	心三尤去	
3051	僦	即就	精三尤去	
3052	驟	鋤祐	崇三尤去	
3053	就	疾僦	從三尤去	
3054	糅	女救	孃三尤去	
3055	復	扶富	並三C尤去	
3056	狖	余救	以三尤去	
3057	授	承呪	常三尤去	
3058	輮	人又	日三尤去	
3059	莓	亡救	明三C尤去	
3060	鼼	牛救	疑三C尤去	
3061	𪖛	丘救	溪三C尤去	
3062	䞭	七溜｟霤｠〈雷〉	清合一灰平	
3063	候	胡遘	匣一侯去	
3064	寇	苦候	溪一侯去	
3065	茂	莫候	明一侯去	
3066	仆	匹候	滂一侯去	
3067	豆	［徒］候	定一侯去	
3068	鬥	都豆	端一侯去	
3069	槈	奴豆	泥一侯去	
3070	瘶	蘇奏	心一侯去	
3071	奏	則候	精一侯去	
3072	透	他候	透一侯去	
3073	漚	烏候	影一侯去	
3074	遘	古候	見一侯去	
3075	輳	倉奏	清一侯去	
3076	陋	盧候	來一侯去	
3077	蔻	呼漏	曉一侯去	
3078	䏽	蒲候	並一侯去	
3079	偶	五遘	疑一侯去	
3080	㔌	才奏	從一侯去	
3081	幼	伊謬	影開三A幽去	
3082	謬	靡幼	明三B幽去	
3083	䠗	丘謬	溪開三A幽去	
3084	𧾻	巨幼	羣開三A幽去	
3085	沁	七鴆	清開三侵去	
3086	浸	子鴆	精開三侵去	
3087	妊	汝鴆	日開三侵去	
3088	鴆	直禁	澄開三侵去	
3089	枕	之任	章開三侵去	
3090	𦧈	巨禁	羣開三B侵去	
3091	禁	居蔭	見開三B侵去	
3092	賃	乃禁	孃開三侵去	
3093	蔭	於禁	影開三B侵去	
3094	滲	所禁	生開三侵去	
3095	闖	丑禁	徹開三侵去	
3096	譖	莊蔭	莊開三侵去	
3097	讖	楚譖	初開三侵去	
3098	吟	宜禁	疑開三B侵去	
3099	揕	知鴆	知開三侵去	
3100	臨	良鴆	來開三侵去	
3101	甚	時鴆	常開三侵去	
3102	䫴	于禁	云開三B侵去	
3103	深	式禁	書開三侵去	
3104	勘	苦紺	溪開一覃去	
3105	紺	古暗	見開一覃去	
3106	憾	胡紺	匣開一覃去	
3107	暗	烏紺	影開一覃去	
3108	僋	他紺	透開一覃去	
3109	俕	蘇紺	心開一覃去	
3110	謲	七紺	清開一覃去	
3111	醰	徒紺	定開一覃去	
3112	儑	五紺	疑開一覃去	
3113	馾	丁紺	端開一覃去	
3114	妠	奴紺	泥開一覃去	
3115	顲	郎紺	來開一覃去	
3116	䫲	呼紺	曉開一覃去	
3117	篸	作紺	精開一覃去	
3118	闞	苦濫	溪開一談去	
3119	濫	盧𣊟	來開一談去	
3120	賧	吐濫	透開一談去	
3121	𪉦	古蹔	見開一談去	
3122	𧵊	呼濫	曉開一談去	
3123	憨	下瞰	匣開一談去	
3124	憺	徒濫	定開一談去	
3125	暫	藏濫	從開一談去	
3126	擔	都濫	端開一談去	
3127	三	蘇暫	心開一談去	
3128	豔	以贍	以開三鹽去	
3129	贍	時豔	常開三鹽去	
3130	染	而豔	日開三鹽去	
3131	厭	於豔	影開三A鹽去	
3132	窆	方驗	幫三B鹽去	
3133	驗	魚窆	疑開三B鹽去	
3134	閃	舒贍	書開三鹽去	
3135	𡄑	子豔	精開三鹽去	
3136	壍	七豔	清開三鹽去	
3137	殮	力驗	來開三鹽去	
3138	覘	丑豔	徹開三鹽去	
3139	䠨	昌豔	昌開三鹽去	
3140	𢜰	於驗	影開三B鹽去	
3141	潛	慈豔	從開三鹽去	
3142	占	章豔	章開三鹽去	
3143	㮇	他念	透開四添去	
3144	念	奴店	泥開四添去	
3145	店	都念	端開四添去	
3146	䃸	先念	心開四添去	
3147	磹	徒念	定開四添去	
3148	趝	紀念	見開四添去	
3149	酓	於念	影開四添去	
3150	僭	子念	精開四添去	
3151	䁮	漸念	從開四添去	
3152	兼	古念	見開四添去	
3153	傔	苦念	溪開四添去	
3154	稴	力店	來開四添去	
3155	釅	魚欠	疑開三C嚴去	
3156	脅	許欠	曉開三C嚴去	
3157	㪁	丘釅	溪開三C嚴去	
3158	𦲯	亡劒	明三C凡去	
3159	陷	戶韽	匣開二咸去	
3160	韽	於陷	影開二咸去	
3161	蘸	莊陷	莊開二咸去	
3162	𪉜	陟陷	知開二咸去	
3163	歉	口陷	溪開二咸去	
3164	𧸖	佇陷	澄開二咸去	
3165	儳	仕陷	崇開二咸去	
3166	𪉦	公陷	見開二咸去	
3167	諵	尼𧸖	孃開二咸去	
3168	顑	玉陷	疑開二咸去	
3169	鑑	格懺	見開二銜去	
3170	懺	楚鑒	初開二銜去	
3171	覱	子鑑	莊開二銜去	
3172	釤	所鑑	生開二銜去	
3173	㒈	許鑑	曉開二銜去	
3174	埿	蒲鑑	並二銜去	
3175	㽉	胡懺	匣開二銜去	
3176	鑱	士懺	崇開二銜去	
3177	𪒠	-	影開二銜去	
3178	梵	扶泛	並三C凡去	
3179	汎	孚梵	滂三C凡去	
3180	劒	居欠	見開三C嚴去	
3181	欠	去劒	溪開三C嚴去	
3182	俺	於劒	影開三C嚴去	
3183	屋	烏谷	影一東入	
3184	獨	徒谷	定一東入	
3185	穀	古祿	見一東入	
3186	縠	胡谷	匣一東入	
3187	哭	空谷	溪一東入	
3188	禿	他谷	透一東入	
3189	豰	丁木	端一東入	
3190	速	桑谷	心一東入	
3191	祿	盧谷	來一東入	
3192	嗀	呼木	曉一東入	
3193	族	昨木	從一東入	
3194	瘯	千木	清一東入	
3195	鏃	作木	精一東入	
3196	暴	蒲木	並一東入	
3197	扑	普木	滂一東入	
3198	卜	博木	幫一東入	
3199	木	莫卜	明一東入	
3200	福	方六	幫三C東入	
3201	伏	房六	並三C東入	
3202	縮	所六	生三東入	
3203	六	力竹	來三東入	
3204	逐	直六	澄三東入	
3205	菊	居六	見三C東入	
3206	麴	驅匊	溪三C東入	
3207	熟	殊六	常三東入	
3208	俶	昌六	昌三東入	
3209	育	余六	以三東入	
3210	驧	渠竹	羣三C東入	
3211	鼀	七宿	清三東入	
3212	肉	如六	日三東入	
3213	粥	之六	章三東入	
3214	叔	式竹	書三東入	
3215	蓄	許竹	曉三C東入	
3216	竹	張六	知三東入	
3217	蹙	子六	精三東入	
3218	珿	初六	初三東入	
3219	朒	女六	孃三東入	
3220	縬	側六	莊三東入	
3221	蝮	芳福	滂三C東入	
3222	郁	於六	影三C東入	
3223	肅	息逐	心三東入	
3224	目	莫六	明三C東入	
3225	囿	于六	云三C東入	
3226	蓄	丑六	徹三東入	
3227	砡	魚菊	疑三C東入	
3228	𣤶	才六	從三東入	
3229	沃	烏酷	影一冬入	
3230	毒	徒沃	定一冬入	
3231	篤	冬毒	端一冬入	
3232	酷	苦沃	溪一冬入	
3233	鵠	胡沃	匣一冬入	
3234	僕	蒲沃	並一冬入	
3235	洬	先篤	心一冬入	
3236	梏	古沃	見一冬入	
3237	瑁	莫沃	明一冬入	
3238	熇	火酷	曉一冬入	
3239	褥	內沃	泥一冬入	
3240	傶	將毒	精一冬入	
3241	襮	博沃	幫一冬入	
3242	濼	盧毒	來一冬入	
3243	𤛹	五沃	疑一冬入	
3244	燭	之欲	章三鍾入	
3245	玉	魚欲	疑三C鍾入	
3246	旭	許玉	曉三C鍾入	
3247	輂	居玉	見三C鍾入	
3248	局	渠玉	羣三C鍾入	
3249	蜀	市玉	常三鍾入	
3250	觸	尺玉	昌三鍾入	
3251	辱	而蜀	日三鍾入	
3252	束	書玉	書三鍾入	
3253	欲	余蜀	以三鍾入	
3254	躅	直錄	澄三鍾入	
3255	錄	力玉	來三鍾入	
3256	曲	丘玉	溪三C鍾入	
3257	瘃	陟玉	知三鍾入	
3258	足	即玉	精三鍾入	
3259	贖	神蜀	船三鍾入	
3260	幞	房玉	並三C鍾入	
3261	促	七玉	清三鍾入	
3262	續	似足	邪三鍾入	
3263	粟	相玉	心三鍾入	
3264	䪁	封曲	幫三C鍾入	
3265	梀	丑玉	徹三鍾入	
3266	覺	古岳	見二江入	
3267	嶽	五角	疑二江入	
3268	浞	士角	崇二江入	
3269	捉	側角	莊二江入	
3270	朔	所角	生二江入	
3271	斲	竹角	知二江入	
3272	剝	北角	幫二江入	
3273	邈	莫角	明二江入	
3274	雹	蒲角	並二江入	
3275	璞	匹角	滂二江入	
3276	㱿	苦角	溪二江入	
3277	濁	直角	澄二江入	
3278	渥	於角	影二江入	
3279	搦	女角	孃二江入	
3280	逴	敕角	徹二江入	
3281	犖	呂角	來二江入	
3282	學	胡覺	匣二江入	
3283	㕰	許角	曉二江入	
3284	娖	測角	初二江入	
3285	質	之日	章開三真入	
3286	日	人質	日開三真入	
3287	實	神質	船開三真入	
3288	秩	直一	澄開三真入	
3289	悉	息七	心開三真入	
3290	一	於悉	影開三A真入	
3291	七	親吉	清開三真入	
3292	匹	譬吉	滂三A真入	
3293	吉	居質	見開三A真入	
3294	暱	尼質	孃開三真入	
3295	逸	夷質	以開三真入	
3296	詰	去吉	溪開三A真入	
3297	欯	許吉	曉開三A真入	
3298	抶	丑栗	徹開三真入	
3299	栗	力質	來開三真入	
3300	窒	陟栗	知開三真入	
3301	疾	秦悉	從開三真入	
3302	㓼	初栗	初開三臻入	
3303	失	式質	書開三真入	
3304	堲	資悉	精開三真入	
3305	蜜	彌畢	明三A真入	
3306	必	卑吉	幫三A真入	
3307	姞	巨乙	羣開三B真入	
3308	邲	毗必	並三A真入	
3309	䫻	于筆	云合三B真入	
3310	率	所律	生合三真入	
3311	叱	昌栗	昌開三真入	
3312	𪗨	仕叱	崇開三臻入	
3313	密	美畢（筆）	明三B真入	
3314	弼	房密	並三B真入	
3315	乙	於筆	影開三B真入	
3316	耴	魚乙	疑開三B真入	
3317	筆	鄙密	幫三B真入	
3318	茁	徵筆	知合三真入	
3319	肸	羲乙	曉開三B真入	
3320	暨	居乙	見開三B真入	
3321	蛭	丁悉	知開三真入	
3322	獝	況必	曉合三A真入	
3323	術	食聿	船合三真入	
3324	橘	居聿	見合三A真入	
3325	崒	慈卹	從合三真入	
3326	聿	餘律	以合三真入	
3327	卒	子聿	精合三真入	
3328	卹	辛聿	心合三真入	
3329	律	呂卹	來合三真入	
3330	黜	丑律	徹合三真入	
3331	㤕	竹律	知合三真入	
3332	朮	直律	澄合三真入	
3333	出	赤律	昌合三真入	
3334	焌	倉聿	清合三真入	
3335	𠭴	側律	莊合三真入	
3336	䎀	許聿	曉合三A真入	
3337	櫛	阻瑟	莊開三臻入	
3338	瑟	所櫛	生開三臻入	
3339	𪗨	崱瑟	崇開三臻入	
3340	物	文弗	明三C文入	
3341	弗	分勿	幫三C文入	
3342	鬱	紆物	影合三C文入	
3343	𠀔	九勿	見合三C文入	
3344	屈	區勿	溪合三C文入	
3345	倔	衢物	羣合三C文入	
3346	佛	符弗	並三C文入	
3347	䬍	許勿	曉合三C文入	
3348	䬑	王勿	云合三C文入	
3349	拂	敷勿	滂三C文入	
3350	崛	魚勿	疑合三C文入	
3351	迄	許訖	曉開三C殷入	
3352	訖	居乙〈乞〉	見開三C殷入	
3353	疙	魚迄	疑開三C殷入	
3354	䞘	其迄	羣開三C殷入	
3355	乞	去訖	溪開三C殷入	
3356	月	魚厥	疑合三C元入	
3357	伐	房越	並三C元入	
3358	越	王伐	云合三C元入	
3359	厥	居月	見合三C元入	
3360	𡡕	於月	影合三C元入	
3361	𧤼	其月	羣合三C元入	
3362	闕	去月	溪合三C元入	
3363	髮	方伐	幫三C元入	
3364	韤	望發	明三C元入	
3365	䬂	許月	曉合三C元入	
3366	謁	於歇	影開三C元入	
3367	歇	許竭（謁）	曉開三C元入	
3368	訐	居竭（謁）	見開三C元入	
3369	𢷒	其謁	羣開三C元入	
3370	㤄	拂伐	滂三C元入	
3371	钀	語訐	疑開三C元入	
3372	沒	莫勃	明一魂入	
3373	𣅝	土骨	透合一魂入	
3374	骨	古忽	見合一魂入	
3375	勃	蒲沒	並一魂入	
3376	咄	當沒	端合一魂入	
3377	突	他骨	透合一魂入	
3378	突	陀骨	定合一魂入	
3379	𩑦	烏沒	影合一魂入	
3380	忽	呼骨	曉合一魂入	
3381	兀	五忽	疑合一魂入	
3382	䪬	普沒	滂一魂入	
3383	𠀽	勒沒	來合一魂入	
3384	窟	苦骨	溪合一魂入	
3385	訥	內骨	泥合一魂入	
3386	窣	蘇骨	心合一魂入	
3387	猝	倉沒	清合一魂入	
3388	捽	昨沒	從合一魂入	
3389	麧	下沒	匣開一痕入	
3390	搰	戶骨	匣合一魂入	
3391	卒	臧沒	精合一魂入	
3392	曷	胡葛	匣開一寒入	
3393	䫘	許葛	曉開一寒入	
3394	怛	當割	端開一寒入	
3395	闥	他達	透開一寒入	
3396	遏	烏葛	影開一寒入	
3397	剌	盧達	來開一寒入	
3398	渴	苦曷	溪開一寒入	
3399	達	唐割	定開一寒入	
3400	嶻	才割	從開一寒入	
3401	嶭	五割	疑開一寒入	
3402	葛	古達	見開一寒入	
3403	躠	桑割	心開一寒入	
3404	攃	七曷	清開一寒入	
3405	捺	奴曷	泥開一寒入	
3406	䔾	矛〈予〉割	匣開一寒入	
3407	末	莫撥	明一寒入	
3408	枂	五活	疑合一寒入	
3409	柮	藏活	從合一寒入	
3410	撥	北末	幫一寒入	
3411	䰖	姊末	精開一寒入	
3412	括	古活	見合一寒入	
3413	闊	苦栝	溪合一寒入	
3414	活	戶括	匣合一寒入	
3415	奪	徒活	定合一寒入	
3416	豁	呼括	曉合一寒入	
3417	斡	烏括	影合一寒入	
3418	繓	子括	精合一寒入	
3419	鏺	普活	滂一寒入	
3420	侻	他括	透合一寒入	
3421	捋	郎括	來合一寒入	
3422	掇	丁括	端合一寒入	
3423	撮	倉括	清合一寒入	
3424	跋	蒲撥	並一寒入	
3425	黠	胡八	匣開二山入	
3426	札	側八	莊開二山入	
3427	拔	蒲八	並二山入	
3428	𤫶	恪八	溪開二山入	
3429	滑	戶八	匣合二山入	
3430	八	博拔	幫二山入	
3431	窡	丁滑	知合二山入	
3432	婠	烏八	影合二山入	
3433	豽	女滑	孃合二山入	
3434	䶪	初八	初開二山入	
3435	劀	古滑	見合二山入	
3436	戛	古黠	見開二山入	
3437	軋	烏黠	影開二山入	
3438	殺	所八	生開二山入	
3439	㑻	莫八	明二山入	
3440	傄	呼八	曉合二山入	
3441	痆	女黠	孃開二山入	
3442	𦤙	五骨〈滑〉	疑合二山入	
3443	䯇	口滑	溪合二山入	
3444	汃	普八	滂二山入	
3445	茁	鄒滑	莊合二山入	
3446	鎋	胡瞎	匣開二刪入	
3447	𪆰	乙鎋	影開二刪入	
3448	齾	五鎋	疑開二刪入	
3449	刹	初鎋	初開二刪入	
3450	𥴭	枯鎋	溪開二刪入	
3451	瞎	許鎋	曉開二刪入	
3452	獺	他鎋	徹開二刪入	
3453	刮	古䫄	見合二刪入	
3454	頢	下刮	匣合二刪入	
3455	䫄	丑刮	徹合二刪入	
3456	鵽	丁刮	知合二刪入	
3457	刷	數刮	生合二刪入	
3458	刖	五刮	疑合二刪入	
3459	䵵	初刮	初合二刪入	
3460	礣	莫鎋	明二刪入	
3461	妠	女刮	孃合二刪入	
3462	捌	百鎋	幫二刪入	
3463	𪈟	古鎋	見開二刪入	
3464	𨰉	查鎋	崇開二刪入	
3465	哳	陟鎋	知開二刪入	
3466	𩭿	而轄	孃開二刪入	
3467	屑	先結	心開四先入	
3468	切	千結	清開四先入	
3469	結	古屑	見開四先入	
3470	節	子結	精開四先入	
3471	血	呼決	曉合四先入	
3472	闋	苦穴	溪合四先入	
3473	玦	古穴	見合四先入	
3474	穴	胡決	匣合四先入	
3475	抉	於決	影合四先入	
3476	姪	徒結	定開四先入	
3477	鐵	他結	透開四先入	
3478	纈	胡結	匣開四先入	
3479	涅	奴結	泥開四先入	
3480	截	昨結	從開四先入	
3481	齧	五結	疑開四先入	
3482	蔑	莫結	明四先入	
3483	㢼	方結	幫四先入	
3484	噎	烏結	影開四先入	
3485	猰	苦結	溪開四先入	
3486	㚛	虎結	曉開四先入	
3487	撆	普蔑	滂四先入	
3488	蹩	蒲結	並四先入	
3489	窒	丁結	端開四先入	
3490	𥸸	練結	來開四先入	
3491	薛	私列	心開三仙入	
3492	列	良辥	來開三仙入	
3493	哲	陟列	知開三仙入	
3494	傑	渠列	羣開三B仙入	
3495	熱	如列	日開三仙入	
3496	晢	旨熱	章開三仙入	
3497	舌	食列	船開三仙入	
3498	折	常列	常開三仙入	
3499	孼	魚列	疑開三B仙入	
3500	滅	亡列	明三A仙入	
3501	朅	丘謁（竭）	溪開三B仙入	
3502	鷩	并列	幫三A仙入	
3503	絕	情雪	從合三仙入	
3504	蕝	子悅	精合三仙入	
3505	雪	相絕	心合三仙入	
3506	𤿫	丑悅	徹合三仙入	
3507	悅	弋雪	以合三仙入	
3508	缺	傾雪	溪合三A仙入	
3509	噦	乙劣	影合三B仙入	
3510	爇	如劣	日合三仙入	
3511	說	失爇	書合三仙入	
3512	拙	職悅	章合三仙入	
3513	歠	昌悅	昌合三仙入	
3514	輟	陟劣	知合三仙入	
3515	劣	力輟	來合三仙入	
3516	瞥	芳滅	滂三A仙入	
3517	別	皮列	並三B仙入	
3518	轍	直列	澄開三仙入	
3519	䇷	方別	幫三B仙入	
3520	㕞	所劣	生合三仙入	
3521a	孑	居列	見開三A仙入	孑𨥂趌
3521b	訐	居列（？）	見開三B仙入	訐䅥揭
3522	設	識列	書開三仙入	
3523	吶	女劣	孃合三仙入	
3524	𥄎	許劣	曉合三A仙入	
3525	妜	於悅	影合三A仙入	
3526	蹶	紀劣	見合三B仙入	
3527	茁	側劣	莊合三仙入	
3528	膬	七絕	清合三仙入	
3529	𧕾	姊列	精開三仙入	
3530	榝	山列	生開三仙入	
3531	焆	於列	影開三B仙入	
3532	屮	丑列	徹開三仙入	
3533	娎	許列	曉開三B仙入	
3534	啜	姝〈殊〉雪	常合三仙入	
3535	㔍	廁列〈別〉	初合三仙入	
3536	㿱	寺絕	邪合三仙入	
3537	掣	昌列	昌開三仙入	
3538	抴	羊列	以開三仙入	
3539	𨵊	土〈士〉列	崇開三仙入	
3540	藥	以灼	以開三陽入	
3541	略	離灼	來開三陽入	
3542	腳	居勺	見開三C陽入	
3543	灼	之若	章開三陽入	
3544	爍	書藥	書開三陽入	
3545	若	而灼	日開三陽入	
3546	綽	昌約	昌開三陽入	
3547	約	於略	影開三C陽入	
3548	卻	去約	溪開三C陽入	
3549	虐	魚約	疑開三C陽入	
3550	妁	市若	常開三陽入	
3551	㲋	丑略	徹開三陽入	
3552	削	息約	心開三陽入	
3553	斮	側略	莊開三陽入	
3554	爵	即略	精開三陽入	
3555	皭	在爵	從開三陽入	
3556	鵲	七雀	清開三陽入	
3557	噱	其虐	羣開三C陽入	
3558	嬳	憂縛	影合三C陽入	
3559	縛	符钁	並三C陽入	
3560	䂄	許縛	曉合三C陽入	
3561	籰	王縛	云合三C陽入	
3562	玃	居縛	見合三C陽入	
3563	芍	張略	知開三陽入	
3564	著	直略	澄開三陽入	
3565	躩	丘縛	溪合三C陽入	
3566	戄	具籰	羣合三C陽入	
3567	逽	女略	孃開三陽入	
3568	𩅿	孚縛	滂三C陽入	
3569	謔	虛約	曉開三C陽入	
3570	鐸	徒落	定開一唐入	
3571	莫	慕各	明一唐入	
3572	落	盧各	來開一唐入	
3573	託	他各	透開一唐入	
3574	作	則落	精開一唐入	
3575	錯	倉各	清開一唐入	
3576	各	古落	見開一唐入	
3577	恪	苦各	溪開一唐入	
3578	咢	五各	疑開一唐入	
3579	𩔈	匹各	滂一唐入	
3580	惡	烏各	影開一唐入	
3581	泊	傍各	並一唐入	
3582	𦞦	呵各	曉開一唐入	
3583	索	蘇各	心開一唐入	
3584	涸	下各	匣開一唐入	
3585	昨	在各	從開一唐入	
3586	博	補各	幫一唐入	
3587	諾	奴各	泥開一唐入	
3588	霍	虛郭	曉合一唐入	
3589	郭	古博	見合一唐入	
3590	雘	烏郭	影合一唐入	
3591	穫	胡郭	匣合一唐入	
3592	廓	苦郭	溪合一唐入	
3593	瓁	五郭	疑合一唐入	
3594	硦	盧穫	來合一唐入	
3595	㘀	祖郭	精合一唐入	
3596	陌	莫白	明二庚入	
3597	磔	陟格	知開二庚入	
3598	白	傍陌	並二庚入	
3599	伯	博陌	幫二庚入	
3600	劇	奇逆	羣開三B庚入	
3601	戟	几劇	見開三B庚入	
3602	𡩡	山戟	生開三庚入	
3603	柵	測戟	初開三庚入	
3604	嚄	胡伯	匣合二庚入	
3605	嘖	側伯	莊開二庚入	
3606	齚	鋤陌	崇開二庚入	
3607	隙	綺戟	溪開三B庚入	
3608	額	五陌	疑開二庚入	
3609	逆	宜戟	疑開三B庚入	
3610	客	苦格	溪開二庚入	
3611	啞	烏格	影開二庚入	
3612	虩	許郤	曉開三B庚入	
3613	坼	丑格	徹開二庚入	
3614	䪝	乙白	影合二庚入	
3615	拍	普伯	滂二庚入	
3616	赫	呼格	曉開二庚入	
3617	垎	胡格	匣開二庚入	
3618	格	古伯	見開二庚入	
3619	謋	虎伯	曉合二庚入	
3620	宅	場伯	澄開二庚入	
3621	虢	古伯	見合二庚入	
3622	擭	一虢	影合二庚入	
3623	蹃	女白	孃開二庚入	
3624	𧍕	丘擭	溪合二庚入	
3625	欂	弼戟	並三B庚入	
3626	麥	莫獲	明二耕入	
3627	獲	胡麥	匣合二耕入	
3628	蟈	古獲	見合二耕入	
3629	檗	博厄	幫二耕入	
3630	䌟	蒲革	並二耕入	
3631	賾	士革	崇開二耕入	
3632	責	側革	莊開二耕入	
3633	䞰	查獲	崇合二耕入	
3634	策	楚革	初開二耕入	
3635	礊	楷革	溪開二耕入	
3636	剨	呼麥	曉合二耕入	
3637	覈	下革	匣開二耕入	
3638	隔	古核	見開二耕入	
3639	摘	陟革	知開二耕入	
3640	戹	於革	影開二耕入	
3641	栜	山責	生開二耕入	
3642	𢶉	普麥	滂二耕入	
3643	虉	五革	疑開二耕入	
3644	礐	力摘	來開二耕入	
3645	㩇	簪｟子｠〈于〉摑	匣合二耕入	
3646	𢷾	砂獲	生合二耕入	
3647	𧾛	求獲	羣合三B庚入	
3648	疒	尼戹	孃開二耕入	
3649	昔	思積	心開三清入	
3650	積	資昔	精開三清入	
3651	益	伊昔	影開三A清入	
3652	繹	羊益	以開三清入	
3653	釋	施隻	書開三清入	
3654	尺	昌石	昌開三清入	
3655	石	常隻	常開三清入	
3656	隻	之石	章開三清入	
3657	擲	直炙	澄開三清入	
3658	皵	七迹	清開三清入	
3659	席	祥易	邪開三清入	
3660	籍	秦昔	從開三清入	
3661	擗	房益	並三A清入	
3662	役	營隻	以合三清入	
3663	瞁	許役	曉合三A清入	
3664	辟	必益	幫三A清入	
3665	僻	芳辟	滂三A清入	
3666	麝	食亦	船開三清入	
3667	碧	彼役	幫三B庚入	
3668	𪐏	竹益	知開三清入	
3669	彳	丑亦	徹開三清入	
3670	𦳮	之｟志｠〈？〉役	章合三清入	
3671	𥄎	七〈火〉役	曉合三A清入	
3672	錫	先擊	心開四青入	
3673	激	古歷	見開四青入	
3674	霹	普擊	滂四青入	
3675	靂	郎擊	來開四青入	
3676	的	都歷	端開四青入	
3677	檄	胡狄	匣開四青入	
3678	鷁	五歷	疑開四青入	
3679	荻	徒歷	定開四青入	
3680	逖	他歷	透開四青入	
3681	績	則歷	精開四青入	
3682	燩	苦擊	溪開四青入	
3683	惄	奴歷	泥開四青入	
3684	寂	前歷	從開四青入	
3685	覓	莫狄	明四青入	
3686	甓	扶歷	並四青入	
3687	壁	北激	幫四青入	
3688	闃	苦鶪	溪合四青入	
3689	郹	古闃	見合四青入	
3690	戚	倉歷	清開四青入	
3691	赥	許激	曉開四青入	
3692	𥍟	呼狊	曉合四青入	
3693	𣤩	丑歷	透開四青入	
3694	職	之翼	章開三蒸入	
3695	直	除力	澄開三蒸入	
3696	力	林直	來開三蒸入	
3697	敕	恥力	徹開三蒸入	
3698	陟	竹力	知開三蒸入	
3699	食	乘力	船開三蒸入	
3700	息	相即	心開三蒸入	
3701	寔	常職	常開三蒸入	
3702	識	賞職	書開三蒸入	
3703	赩	許極	曉開三C蒸入	
3704	崱	士力	崇開三蒸入	
3705	極	渠力	羣開三C蒸入	
3706	匿	女力	孃開三蒸入	
3707	測	初力	初開三蒸入	
3708a	憶	於力	影開三C蒸入	憶億臆肊𠶷繶醷澺薏𦺳䗷𩍖檍𣚍癔
3708b	抑	於力（棘）	影開三B蒸入	抑𡊁
3709	色	所力	生開三蒸入	
3710	䩯	丘力	溪開三C蒸入	
3711	殛	紀力	見開三C蒸入	
3712	弋	與職	以開三蒸入	
3713	即	子力	精開三蒸入	
3714	逼	彼側	幫三B蒸入	
3715	域	雨逼	云合三B蒸入	
3716	洫	況逼	曉合三B蒸入	
3717	堛	芳逼	滂三B蒸入	
3718	稄	阻力	莊開三蒸入	
3719	愎	符逼	並三B蒸入	
3720	嶷	魚力	疑開三C蒸入	
3721	堲	秦力	從開三蒸入	
3722	𡮞	丁力	知開三蒸入	
3723	䁇	亡逼	明三B蒸入	
3724	瀷	昌力	昌開三蒸入	
3725	德	多則	端開一登入	
3726	則	子德	精開一登入	
3727	勒	盧則	來開一登入	
3728	忒	他德	透開一登入	
3729	刻	苦得	溪開一登入	
3730	特	徒得	定開一登入	
3731	黑	呼北	曉開一登入	
3732	墨	莫北	明一登入	
3733	賊	昨則	從開一登入	
3734	塞	蘇則	心開一登入	
3735	北	博墨	幫一登入	
3736	菔	蒲北	並一登入	
3737	或	胡國	匣合一登入	
3738	國	古或	見合一登入	
3739	餩	愛黑	影開一登入	
3740	劾	胡得	匣開一登入	
3741	䘅	奴勒	泥開一登入	
3742	裓	古得	見開一登入	
3743	墄	七則	清開一登入	
3744	覆	匹北	滂一登入	
3745	𢃤	呼或	曉合一登入	
3746	緝	七入	清開三侵入	
3747	十	是執	常開三侵入	
3748	執	之入	章開三侵入	
3749	習	似入	邪開三侵入	
3750	集	秦入	從開三侵入	
3751	入	人執	日開三侵入	
3752	揖	伊入	影開三A侵入	
3753	溼	失入	書開三侵入	
3754	㗱	子入	精開三侵入	
3755	及	其立	羣開三B侵入	
3756	蟄	直立	澄開三侵入	
3757	縶	陟立	知開三侵入	
3758	立	力入	來開三侵入	
3759	急	居立	見開三B侵入	
3760	岌	魚及	疑開三B侵入	
3761	泣	去急	溪開三B侵入	
3762	𩎕	先立	心開三侵入	
3763	歰	色立	生開三侵入	
3764	吸	許及	曉開三B侵入	
3765	戢	阻立	莊開三侵入	
3766	邑	於汲	影開三B侵入	
3767	湁	丑入	徹開三侵入	
3768	煜	爲立	云開三B侵入	
3769	熠	羊入	以開三侵入	
3770	孨	尼立	孃開三侵入	
3771	霵	仕戢	崇開三侵入	
3772	𪀐	皮及	並三B侵入	
3773	鵖	彼及	幫三B侵入	
3774	㞚	初戢	初開三侵入	
3775	卙	昌汁	昌開三侵入	
3776	合	侯閤	匣開一覃入	
3777	閤	古沓	見開一覃入	
3778	答	都合	端開一覃入	
3779	趿	蘇合	心開一覃入	
3780	沓	徒合	定開一覃入	
3781	錔	他合	透開一覃入	
3782	雜	徂合	從開一覃入	
3783	帀	子荅	精開一覃入	
3784	拉	盧合	來開一覃入	
3785	納	奴荅	泥開一覃入	
3786	溘	口荅	溪開一覃入	
3787	姶	烏合	影開一覃入	
3788	欱	呼合	曉開一覃入	
3789	𣊡	五合	疑開一覃入	
3790	䟃	七合	清開一覃入	
3791	遪	士〈七〉合	清開一覃入	
3792	唈	烏荅	影開一覃入	
3793	盍	胡臘	匣開一談入	
3794	臘	盧盍	來開一談入	
3795	㿴	都搕〈榼〉	端開一談入	
3796	榻	吐盍	透開一談入	
3797	𣣹	呼盍	曉開一談入	
3798	魶	奴盍	泥開一談入	
3799	蹋	徒盍	定開一談入	
3800	𠎷	私盍	心開一談入	
3801	儑	五盍	疑開一談入	
3802	䪞	才盍	從開一談入	
3803	䫦	古盍	見開一談入	
3804	榼	苦盍	溪開一談入	
3805	鰪	安盍	影開一談入	
3806	囃	倉雜（臘）	清開一談入	
3807	砝	居盍	見開一談入	
3808	譫	章盍	章開三鹽入	
3809	葉	與涉	以開三鹽入	
3810	接	即葉	精開三鹽入	
3811	攝	書涉	書開三鹽入	
3812	涉	時攝	常開三鹽入	
3813	獵	良涉	來開三鹽入	
3814	捷	疾葉	從開三鹽入	
3815	䐑	直葉	澄開三鹽入	
3816	㪑	於輒	影開三B鹽入	
3817	聶	尼輒	孃開三鹽入	
3818	謵	叱涉	昌開三鹽入	
3819	讘	而涉	日開三鹽入	
3820	讋	之涉	章開三鹽入	
3821	妾	七接	清開三鹽入	
3822	鍤	丑輒	徹開三鹽入	
3823	衱	其輒	羣開三B鹽入	
3824	輒	陟葉	知開三鹽入	
3825	曄	筠輒	云開三B鹽入	
3826	𤷾	去涉	溪開三B鹽入	
3827	萐	山輒	生開三鹽入	
3828	𦀖	居輒	見開三B鹽入	
3829	魘	於葉	影開三A鹽入	
3830	怗	他協	透開四添入	
3831	協	胡頰	匣開四添入	
3832	頰	古協	見開四添入	
3833	愜	苦協	溪開四添入	
3834	牒	徒協	定開四添入	
3835	苶	奴協	泥開四添入	
3836	燮	蘇協	心開四添入	
3837	㼲	盧協	來開四添入	
3838	聑	丁愜	端開四添入	
3839	䕹	在協	從開四添入	
3840	浹	子協	精開四添入	
3841	弽	呼牒	曉開四添入	
3842	䢡	先頰	心開四添入	
3843	洽	侯夾	匣開二咸入	
3844	恰	苦洽	溪開二咸入	
3845	箑	七〈士〉洽	崇開二咸入	
3846	夾	古洽	見開二咸入	
3847	眨	側洽	莊開二咸入	
3848	插	楚洽	初開二咸入	
3849	㘝	女洽	孃開二咸入	
3850	䶎	呼洽	曉開二咸入	
3851	霎	山洽	生開二咸入	
3852	劄	竹洽	知開二咸入	
3853	𨂁	烏洽	影開二咸入	
3854	䀴	五夾｟洽｠〈冷〉	疑開四青上	
3855	𥃐	丑㘝	徹開二咸入	
3856	狎	胡甲	匣開二銜入	
3857	𠗨	丈甲	澄開二銜入	
3858	鴨	烏甲	影開二銜入	
3859	甲	古狎	見開二銜入	
3860	翣	所甲	生開二銜入	
3861	呷	呼甲	曉開二銜入	
3862	業	魚怯	疑開三C嚴入	
3863	脅	虛業	曉開三C嚴入	
3864	怯	去劫	溪開三C嚴入	
3865	劫	居怯	見開三C嚴入	
3866	腌	於業	影開三C嚴入	
3867	殜	余業	以開三嚴入	
3868	跲	巨業	羣開三C嚴入	
3869	乏	房法	並三C凡入	
3870	法	方乏	幫三C凡入	
3871	𥎰	孚法	滂三C凡入	
3872	猲	起法	溪開三C嚴入	
3873	䎎	女法	孃開三嚴入	
3874	𦑣	丑法	徹開三嚴入	
