小韻號,首字,音韻地位,反切,直音,細分轄字
1,東,端一東平,德紅,,
2,同,定一東平,徒紅,,
3,中,知三東平,陟弓,,
4,蟲,澄三東平,直弓,,
5,終,章三東平,職戎,,
6,忡,徹三東平,敕中,,
7,崇,崇三東平,鋤（鉏）弓,,
8,嵩,心三東平,息弓,,
9,戎,日三東平,如融,,
10,弓,見三C東平,居戎,,
11,融,以三東平,以戎,,
12,雄,云三C東平,羽弓,,
13,瞢,明三C東平,莫中,,
14,穹,溪三C東平,去宮,,
15,窮,羣三C東平,渠弓,,
16,馮,並三C東平,房戎,,
17,風,幫三C東平,方戎,,
18,豐,滂三C東平,敷空,,
19,充,昌三東平,昌終,,
20,隆,來三東平,力中,,
21,空,溪一東平,苦紅,,
22,公,見一東平,古紅,,
23,蒙,明一東平,莫紅,,
24,籠,來一東平,盧紅,,
25,洪,匣一東平,戶公,,
26,叢,從一東平,徂紅,,
27,翁,影一東平,烏紅,,
28,悤,清一東平,倉紅,,
29,通,透一東平,他紅,,
30,葼,精一東平,子紅,,
31,蓬,並一東平,薄紅,,
32,烘,曉一東平,呼東,,
33,㟅,疑一東平,五東,,
34,𣞷,心一東平,蘇公,,
35,冬,端一冬平,都宗,,
36,彤,定一冬平,徒冬,,
37,賨,從一冬平,藏宗,,
38,農,泥一冬平,奴冬,,
39,攻,見一冬平,古冬,,
40,䃔,匣一冬平,戶冬,,
41,䃧,來一冬平,力冬,,
42,宗,精一冬平,作冬,,
43,鬆,心一冬平,私宗,,
44,炵,透一冬平,他冬,,
45,鍾,章三鍾平,職容,,
46,龍,來三鍾平,力鍾,,
47,舂,書三鍾平,書容,,
48,松,邪三鍾平,祥容,,
49,𧘂,昌三鍾平,尺容,,
50,容,以三鍾平,餘封,,
51,封,幫三C鍾平,府容,,
52,胷,曉三C鍾平,許容,,
53,顒,疑三C鍾平,魚容,,
54,邕,影三C鍾平,於容,,
55,醲,孃三鍾平,女容,,
56,重,澄三鍾平,直容,,
57,從,從三鍾平,疾容,,
58,蹱,徹三鍾平,丑凶,,
59,逢,並三C鍾平,符容,,
60,峯,滂三C鍾平,敷容,,
61,縱,精三鍾平,即容,,
62,茸,日三鍾平,而容,,
63,蛩,羣三C鍾平,渠容,,
64,鱅,常三鍾平,蜀庸,,
65,恭,見三C鍾平,九容,,
66,蜙,心三鍾平,息恭,,
67,樅,清三鍾平,七恭,,
68,銎,溪三C鍾平,曲恭,,
69,江,見二江平,古雙,,
70,厖,明二江平,莫江,,
71,𦗳,孃二江平,女江,,
72,囪,初二江平,楚江,,
73,邦,幫二江平,博江,,
74,栙,匣二江平,下江,,
75,胮,滂二江平,匹江,,
76,瀧,來二江平,呂江,,
77,雙,生二江平,所江,,
78,龐,並二江平,薄江,,
79,肛,曉二江平,許江,,
80,胦,影二江平,握江,,
81,腔,溪二江平,苦江,,
82,幢,澄二江平,宅江,,
83,憃,徹二江平,丑江,,
84,樁,知二江平,都江,,
85,㟅,疑二江平,五江,,
86,淙,崇二江平,士江,,
87,支,章開三支平,章移,,
88,移,以開三支平,弋支,,
89,爲,云合三B支平,薳支,,
90,嬀,見合三B支平,居爲,,
91,𪎮,曉合三B支平,許爲,,
92,逶,影合三B支平,於爲,,
93,糜,明三B支平,靡爲,,
94,隓,曉合三A支平,許規,,
95,鬌,澄合三支平,直垂,,
96,𡍮,常合三支平,是爲,,
97,羸,來合三支平,力爲,,
98,吹,昌合三支平,昌垂,,
99,鈹,滂三B支平,敷羈,,
100,陂,幫三B支平,彼爲,,
101,隨,邪合三支平,旬爲,,
102,虧,溪合三B支平,去爲,,
103,闚,溪合三A支平,去隨,,
104,奇,羣開三B支平,渠羈,,
105,祇,羣開三A支平,巨支,,
106,犧,曉開三B支平,許羈,,
107,㩻,溪開三B支平,去奇,,
108,宜,疑開三B支平,魚羈,,
109,皮,並三B支平,符羈,,
110,提,常開三支平,是支,,
111,兒,日開三支平,汝移,,
112,離,來開三支平,呂支,,
113,疵,從開三支平,疾移,,
114,貲,精開三支平,即移,,
115,羈,見開三B支平,居宜,,
116,卑,幫三A支平,府移,,
117,陴,並三A支平,符支,,
118,䌳,書開三支平,式支,,
119,斯,心開三支平,息移,,
120,差,初開三支平,楚宜,,
121,摛,徹開三支平,丑知,,
122,彌,明三A支平,武移,,
123,雌,清開三支平,此移,,
124,知,知開三支平,陟離,,
125,漪,影開三B支平,於離,,
126,馳,澄開三支平,直離,,
127,眭,心合三支平,息爲,,
128,危,疑合三B支平,魚爲,,
129,詑,曉開三A支平,香支,,
130,釃,生開三支平,所宜,,
131,䪎,生合三支平,山垂,,
132,痿,日合三支平,人垂,,
133,厜,精合三支平,姊宜〘規〙,,
134,𩓸,見合三A支平,居隋,,
135,劑,精合三支平,遵爲,,
136,衰,初合三支平,楚危,,
137,腄,知合三支平,竹垂,,
138,䮔,章合三支平,子｟？｠〈之〉垂,,
139,眵,昌開三支平,叱支,,
140,齜,莊開三支平,側宜,,
141,𢻹,滂三A脂平,匹支〖之〗,,
142,䔺,以合三支平,悅吹,,
143,齹,崇開三支平,士宜,,
144,脂,章開三脂平,旨夷,,
145,姨,以開三脂平,以脂,,
146,師,生開三脂平,疏夷,,
147,𣬈,並三A脂平,房脂,,
148,咨,精開三脂平,即夷,,
149,飢,見開三B脂平,居夷,,
150,鴟,昌開三脂平,處脂,,
151,絺,徹開三脂平,丑飢,,
152,郪,清開三脂平,取私,,
153,茨,從開三脂平,疾資,,
154,尼,孃開三脂平,女夷,,
155,墀,澄開三脂平,直尼,,
156,私,心開三脂平,息夷,,
157,尸,書開三脂平,式之〖脂〗,,
158,鬐,羣開三A脂平,渠脂,,
159,伊,影開三A脂平,於脂,,
160,棃,來開三脂平,力脂,,
161,葵,羣合三A脂平,渠追,,
162,追,知合三脂平,陟隹,,
163,龜,見合三B脂平,居追,,
164,蕤,日合三脂平,儒隹,,
165,衰,生合三脂平,所追,,
166,惟,以合三脂平,以追,,
167,㶟,來合三脂平,力追,,
168,綏,心合三脂平,息遺,,
169,逵,羣合三B脂平,渠追,,
170,眉,明三B脂平,武悲,,
171,悲,幫三B脂平,府眉,,
172,錐,章合三脂平,職追,,
173,誰,常合三脂平,視隹,,
174,帷,云合三B脂平,洧悲,,
175,邳,並三B脂平,符悲,,
176,丕,滂三B脂平,敷悲,,
177,倠,曉合三A脂平,許維,,
178,鎚,澄合三脂平,直追,,
179,推,昌合三脂平,叉〈尺〉隹,,
180,胝,知開三脂平,丁尼,,
181,紕,滂三A脂平,匹夷,,
182,嶉,精合三脂平,醉綏,,
183,巋,溪合三B脂平,丘追,,
184,狋,疑開三B脂平,牛肌,,
185,咦,曉開三A脂平,喜夷,,
186,之,章開三之平,止而,,
187,飴,以開三之平,與之,,
188,時,常開三之平,市之,,
189,疑,疑開三C之平,語其,,
190,思,心開三之平,息兹,,
191,輜,初開三之平,楚持,,
192,其,羣開三C之平,渠之,,
193,詩,書開三之平,書之,,
194,而,日開三之平,如之,,
195,欺,溪開三C之平,去其,,
196,姬,見開三C之平,居之,,
197,詞,邪開三之平,似兹,,
198,釐,來開三之平,里之,,
199,菑,莊開三之平,側持,,
200,僖,曉開三C之平,許其,,
201,醫,影開三C之平,於其,,
202,癡,徹開三之平,丑之,,
203,治,澄開三之平,直之,,
204,蚩,昌開三之平,赤之,,
205,慈,從開三之平,疾之,,
206,兹,精開三之平,子之,,
207,茬,崇開三之平,士之,,
208,漦,俟開三之平,俟甾,,
209,抾,溪開三C嚴入,丘之〈乏〉,,
210,䀵,書開三之平,式其,,
211,微,明三C微平,無非,,
212,揮,曉合三C微平,許歸,,
213,幃,云合三C微平,雨非,,
214,霏,滂三C微平,芳非,,
215,猆,幫三C微平,甫微,,
216,肥,並三C微平,符非,,
217,威,影合三C微平,於非,,
218,祈,羣開三C微平,渠希,,
219,機,見開三C微平,居依,,
220,希,曉開三C微平,香衣,,
221,依,影開三C微平,於希,,
222,沂,疑開三C微平,魚衣,,
223,巍,疑合三C微平,語韋,,
224,歸,見合三C微平,舉韋,,
225,蘬,溪合三C微平,丘韋,,
226,魚,疑開三C魚平,語居,,
227,初,初開三魚平,楚居,,
228,書,書開三魚平,傷魚,,
229,居,見開三C魚平,九魚,,
230,渠,羣開三C魚平,強魚,,
231,余,以開三魚平,以諸,,
232,胥,心開三魚平,相居,,
233,疽,清開三魚平,七余,,
234,鉏,崇開三魚平,士魚,,
235,攄,徹開三魚平,丑居,,
236,疏,生開三魚平,所葅（菹）,,
237,虛,曉開三C魚平,朽居,,
238,徐,邪開三魚平,似魚,,
239,於,影開三C魚平,央居,,
240,豬,知開三魚平,陟魚,,
241,臚,來開三魚平,力居,,
242,諸,章開三魚平,章魚,,
243,除,澄開三魚平,直魚,,
244,如,日開三魚平,人諸,,
245,且,精開三魚平,子魚,,
246,虛,溪開三C魚平,去魚,,
247,菹,莊開三魚平,側魚,,
248,蜍,常開三魚平,署魚,,
249,袽,孃開三魚平,女余,,
250,虞,疑合三C虞平,遇俱,,
251,芻,初合三虞平,測隅,,
252,無,明三C虞平,武夫,,
253,于,云合三C虞平,羽俱,,
254,訏,曉合三C虞平,況于,,
255,衢,羣合三C虞平,其俱,,
256,儒,日合三虞平,人朱,,
257,須,心合三虞平,相俞,,
258,株,知合三虞平,陟輸,,
259,貙,徹合三虞平,敕俱,,
260,殊,常合三虞平,市朱,,
261,逾,以合三虞平,羊朱,,
262,區,溪合三C虞平,豈俱,,
263,朱,章合三虞平,章俱,,
264,趨,清合三虞平,七逾,,
265,慺,來合三虞平,力朱,,
266,扶,並三C虞平,防無,,
267,䅳,崇合三虞平,仕于,,
268,㑳,莊合三虞平,莊俱,,
269,敷,滂三C虞平,芳無,,
270,諏,精合三虞平,子于,,
271,跗,幫三C虞平,甫無,,
272,紆,影合三C虞平,憶俱,,
273,輸,書合三虞平,式朱,,
274,樞,昌合三虞平,昌朱,,
275,廚,澄合三虞平,直誅,,
276,拘,見合三C虞平,舉朱,,
277,毹,生合三虞平,山芻,,
278,模,明一模平,莫胡,,
279,酺,並一模平,薄胡,,
280,胡,匣一模平,戶吳,,
281,孤,見一模平,古胡,,
282,徒,定一模平,同都,,
283,奴,泥一模平,乃都,,
284,呼,曉一模平,荒烏,,
285,吾,疑一模平,五乎,,
286,租,精一模平,則吾,,
287,盧,來一模平,落胡,,
288,蘇,心一模平,素姑,,
289,徂,從一模平,昨胡,,
290,烏,影一模平,哀都,,
291,逋,幫一模平,博孤,,
292,枯,溪一模平,苦胡,,
293,麤,清一模平,倉胡,,
294,㻌,透一模平,他胡,,
295,都,端一模平,當孤,,
296,𥠵,滂一模平,普胡,,
297,齊,從開四齊平,徂奚,,
298,黎,來開四齊平,郎奚,,
299,妻,清開四齊平,七稽,,
300,低,端開四齊平,都奚,,
301,嗁,定開四齊平,杜奚,,
302,豍,幫四齊平,邊兮,,
303,雞,見開四齊平,古奚,,
304,奚,匣開四齊平,胡雞,,
305,鷖,影開四齊平,烏奚,,
306,倪,疑開四齊平,五稽,,
307,醯,曉開四齊平,呼雞,,
308,西,心開四齊平,先稽,,
309,梯,透開四齊平,土雞,,
310,鼙,並四齊平,部迷,,
311,磇,滂四齊平,匹迷,,
312,齎,精開四齊平,祖稽,,
313,迷,明四齊平,莫兮,,
314,泥,泥開四齊平,奴低,,
315,谿,溪開四齊平,苦奚,,
316,圭,見合四齊平,古攜,,
317,睽,溪合四齊平,苦圭,,
318,攜,匣合四齊平,戶圭,,
319,臡,日開三祭平,人兮,,
320,栘,常開三祭平,成臡,,
321,烓,影合四齊平,烏攜,,
322,睳,曉合四齊平,呼攜,,
323,佳,見開二佳平,古膎,,
324,㥟,匣開二佳平,戶佳,,
325,牌,並二佳平,薄佳,,
326,媧,見合二佳平,古蛙,,
327,蛙,影合二佳平,烏媧,,
328,咼,溪合二佳平,苦緺,,
329,柴,崇開二佳平,士佳,,
330,釵,初開二佳平,楚佳,,
331,竵,曉合二佳平,火媧,,
332,䍲,孃開二佳平,㚷佳,,
333,崖,疑開二佳平,五佳,,
334,娃,影開二佳平,於佳,,
335,崽,生開二佳平,山佳,,
336,㗨,曉開二佳平,火佳,,
337,扠,徹開二佳平,丑佳,,
338,䁲,明二佳平,莫佳,,
339,鼃,匣合二佳平,戶媧,,
340,皆,見開二皆平,古諧,,
341,𢰇,影開二皆平,乙諧,,
342,諧,匣開二皆平,戶皆,,
343,排,並二皆平,步皆,,
344,乖,見合二皆平,古懷,,
345,懷,匣合二皆平,戶乖,,
346,匯,溪合二皆平,苦淮,,
347,豺,崇開二皆平,士皆,,
348,差,初開二皆平,楚皆,,
349,虺,曉合二皆平,呼懷,,
350,尵,澄合二皆平,杜懷,,
351,埋,明二皆平,莫皆,,
352,齋,莊開二皆平,側皆,,
353,崴,影合二皆平,乙皆〖乖〗,,
354,𪘨,知開二皆平,卓皆,,
355,唻,來開一咍平,賴諧,,
356,揩,溪開二皆平,口皆,,
357,搱,孃開二皆平,諧〈諾〉皆,,
358,崽,生開二皆平,山皆,,
359,𩂢,疑開二皆平,擬皆,,
360,搋,徹開二皆平,丑皆,,
361,俙,曉開二皆平,喜皆,,
362,䐯,來合二皆平,力懷,,
363,膗,崇合二皆平,仕懷,,
364,灰,曉合一灰平,呼恢,,
365,恢,溪合一灰平,苦回,,
366,隈,影合一灰平,烏恢,,
367,回,匣合一灰平,戶恢,,
368,枚,明一灰平,莫杯,,
369,傀,見合一灰平,公回,,
370,雷,來合一灰平,魯回,,
371,穨,定合一灰平,杜回,,
372,崔,清合一灰平,倉回,,
373,磓,端合一灰平,都回,,
374,𤗯,心合一灰平,素回,,
375,摧,從合一灰平,昨回,,
376,裴,並一灰平,薄回,,
377,桮,幫一灰平,布回,,
378,肧,滂一灰平,芳杯,,
379,鮠,疑合一灰平,五灰,,
380,𨌴,透合一灰平,他回,,
381,𢆃,泥合一灰平,乃回,,
382,嗺,精合一灰平,臧回,,
383,咍,曉開一咍平,呼來,,
384,開,溪開一咍平,苦哀,,
385,哀,影開一咍平,烏開,,
386,臺,定開一咍平,徒哀,,
387,該,見開一咍平,古哀,,
388,裁,從開一咍平,昨哉,,
389,來,來開一咍平,落哀,,
390,烖,精開一咍平,祖才,,
391,猜,清開一咍平,倉才,,
392,𤗏,並一灰平,扶來,,
393,胎,透開一咍平,土來,,
394,孩,匣開一咍平,戶來,,
395,鰓,心開一咍平,蘇來,,
396,皚,疑開一咍平,五來,,
397,能,泥開一咍平,奴來,,
398,𪒴,端開一咍平,丁來,,
399,㹗,昌三尤平,昌來〈求〉,,
400,𡜊,滂三C尤平,普才｟來｠〈求〉,,
401,真,章開三真平,側〖職〗鄰,,
402,𤣆,徹開三真平,丑人,,
403,因,影開三A真平,於真,,
404,新,心開三真平,息鄰,,
405,辰,常開三真平,植鄰,,
406,仁,日開三真平,如鄰,,
407,神,船開三真平,食鄰,,
408,親,清開三真平,七人,,
409,礥,匣開四先上,下珍〈殄〉,,
410,申,書開三真平,失人,,
411,賓,幫三A真平,必鄰,,
412,㷠,來開三真平,力珍,,
413,𥎊,羣開三B真平,巨巾,,
414,珍,知開三真平,陟鄰,,
415,陳,澄開三真平,直珍,,
416,津,精開三真平,將鄰,,
417,瞋,昌開三真平,昌真,,
418,秦,從開三真平,匠鄰,,
419,寅,以開三真平,翼真,,
420,紉,孃開三真平,女鄰,,
421,繽,滂三A真平,匹賓,,
422,頻,並三A真平,符真,,
423,銀,疑開三B真平,語巾,,
424,巾,見開三B真平,居銀,,
425,麏,見合三B真平,居筠,,
426,筠,云合三B真平,爲贇,,
427,囷,溪合三B真平,去倫,,
428,珉,明三B真平,武巾,,
429,貧,並三B真平,符巾,,
430,𪔗,影開三B真平,於巾,,
431,贇,影合三B真平,於倫,,
432,彬,幫三B真平,府巾,,
433,民,明三A真平,彌鄰,,
434,諄,章合三真平,章倫,,
435,椿,徹合三真平,丑倫,,
436,䣩,澄合三真平,直倫,,
437,荀,心合三真平,相倫,,
438,純,常合三真平,常倫,,
439,犉,日合三真平,如勻,,
440,脣,船合三真平,食倫,,
441,淪,來合三真平,力迍,,
442,屯,知合三真平,陟綸,,
443,逡,清合三真平,七倫,,
444,遵,精合三真平,將倫,,
445,春,昌合三真平,昌脣,,
446,鷷,從合三真平,昨旬,,
447,勻,以合三真平,羊倫,,
448,旬,邪合三真平,詳遵,,
449,均,見合三A真平,居勻,,
450,𧼒,羣開三A真平,渠人,,
451,砏,滂三B真平,普巾,,
452,臻,莊開三臻平,側詵,,
453,莘,生開三臻平,所臻,,
454,𦿒,崇開三臻平,士臻,,
455,文,明三C文平,無分,,
456,雲,云合三C文平,王分,,
457,熅,影合三C文平,於云,,
458,汾,並三C文平,符分,,
459,分,幫三C文平,府文,,
460,羣,羣合三C文平,渠云,,
461,薰,曉合三C文平,許云,,
462,君,見合三C文平,舉云,,
463,芬,滂三C文平,府〖撫〗文,,
464,欣,曉開三C殷平,許斤,,
465,殷,影開三C殷平,於斤,,
466,勤,羣開三C殷平,巨斤,,
467,斤,見開三C殷平,舉欣,,
468,䖐,疑開三C殷平,語斤,,
469,元,疑合三C元平,愚袁,,
470,袁,云合三C元平,雨元,,
471,煩,並三C元平,附袁,,
472,飜,滂三C元平,孚袁,,
473,暄,曉合三C元平,況袁,,
474,鴛,影合三C元平,於袁,,
475,言,疑開三C元平,語軒,,
476,攑,溪開三C元平,丘言,,
477,軒,曉開三C元平,虛言,,
478,𢳚,見開三C元平,居言,,
479,蔫,影開三C元平,謁言,,
480,蕃,幫三C元平,甫煩,,
481,𥴤,羣開三C元平,巨言,,
482,樠,明三C元平,武元,,
483,䰟,匣合一魂平,戶昆,,
484,昆,見合一魂平,古渾,,
485,𥁕,影合一魂平,烏渾,,
486,門,明一魂平,莫奔,,
487,孫,心合一魂平,思渾,,
488,尊,精合一魂平,祖昆,,
489,存,從合一魂平,徂尊,,
490,敦,端合一魂平,都昆,,
491,暾,透合一魂平,他昆,,
492,屯,定合一魂平,徒渾,,
493,村,清合一魂平,此尊,,
494,㑮,疑合一魂平,牛昆,,
495,盆,並一魂平,蒲奔,,
496,奔,幫一魂平,博昆,,
497,論,來合一魂平,盧昆,,
498,坤,溪合一魂平,苦昆,,
499,昏,曉合一魂平,呼昆,,
500,濆,滂一魂平,普魂,,
501,黁,泥合一魂平,奴昆,,
502,痕,匣開一痕平,戶恩,,
503,根,見開一痕平,古痕,,
504,恩,影開一痕平,烏痕,,
505,吞,透開一痕平,吐根,,
506,垠,疑開一痕平,五根,,
507,寒,匣開一寒平,胡安,,
508,豻,疑開一寒平,俄寒,,
509,單,端開一寒平,都寒,,
510,安,影開一寒平,烏寒,,
511,難,泥開一寒平,那干,,
512,餐,清開一寒平,七安,,
513,灘,透開一寒平,他干,,
514,𦙱,心開一寒平,蘇干,,
515,壇,定開一寒平,徒干,,
516,殘,從開一寒平,昨干,,
517,干,見開一寒平,古寒,,
518,蘭,來開一寒平,落干,,
519,看,溪開一寒平,苦寒,,
520,頇,曉開一寒平,許干,,
521,濡,泥合一寒平,乃官,,
522,桓,匣合一寒平,胡官,,
523,岏,疑合一寒平,五丸,,
524,端,端合一寒平,多官,,
525,剜,影合一寒平,一丸,,
526,湍,透合一寒平,他端,,
527,酸,心合一寒平,素官,,
528,團,定合一寒平,度官,,
529,欑,從合一寒平,在丸,,
530,官,見合一寒平,古丸,,
531,鑾,來合一寒平,落官,,
532,歡,曉合一寒平,呼官,,
533,寬,溪合一寒平,苦官,,
534,鑽,精合一寒平,借官,,
535,槃,並一寒平,薄官,,
536,瞞,明一寒平,母官,,
537,潘,滂一寒平,普官,,
538,𤳖,幫一寒平,北潘,,
539,刪,生開二刪平,所姦,,
540,關,見合二刪平,古還,,
541,彎,影合二刪平,烏關,,
542,𣟴,生合二刪平,數還,,
543,還,匣合二刪平,戶關,,
544,班,幫二刪平,布還,,
545,蠻,明二刪平,莫還,,
546,顏,疑開二刪平,五姦,,
547,姦,見開二刪平,古顏,,
548,攀,滂二刪平,普班,,
549,奻,孃合二刪平,奴還,,
550,𤸷,疑合二刪平,五還,,
551,馯,溪開二刪平,丘姦,,
552,豻,溪開二刪平,可顏,,
553,跧,莊合二刪平,阻頑,,
554,山,生開二山平,所閒,,
555,鰥,見合二山平,古頑,,
556,閒,見開二山平,古閑,,
557,閑,匣開二山平,戶閒,,
558,慳,溪開二山平,苦閑,,
559,虥,崇開二山平,士山,,
560,羴,曉開二山平,許閒,,
561,訮,疑開二山平,五閑,,
562,黰,影開二山平,烏閑,,
563,斒,幫二山平,方閑,,
564,斕,來開二山平,力閑,,
565,嘫,孃開二山平,女閑,,
566,㺗,昌開三仙平,充山,,
567,𡣬,影合二山平,委鰥,,
568,窀,澄合二山平,墜頑,,
569,𡰠,來合三支平,力頑〈規〉,,
570,𡰝,羣合三B仙平,跪頑,,
571,譠,知開二山平,陟山,,
572,𤣆,澄開二山平,直閑,,
573,湲,匣合二山平,獲頑,,
574,虥,崇開二山平,昨閑,,
575,先,心開四先平,蘇前,,
576,前,從開四先平,昨先,,
577,千,清開四先平,蒼先,,
578,箋,精開四先平,則前,,
579,天,透開四先平,他前,,
580,堅,見開四先平,古賢,,
581,賢,匣開四先平,胡田,,
582,煙,影開四先平,烏前,,
583,蓮,來開四先平,落賢,,
584,田,定開四先平,徒年,,
585,秊,泥開四先平,奴顛,,
586,顛,端開四先平,都年,,
587,牽,溪開四先平,苦堅,,
588,妍,疑開四先平,五堅,,
589,眠,明四先平,莫賢,,
590,蹁,並四先平,部田,,
591,淵,影合四先平,烏玄,,
592,涓,見合四先平,古玄,,
593,鋗,曉合四先平,火玄,,
594,邊,幫四先平,布玄,,
595,玄,匣合四先平,胡涓,,
596,祆,曉開四先平,呼煙,,
597,𤜼,章開三陽入,崇〈？〉玄〈？〉,,
598,仙,心開三仙平,相然,,
599,錢,從開三仙平,昨仙,,
600,遷,清開三仙平,七然,,
601,煎,精開三仙平,子仙,,
602,然,日開三仙平,如延,,
603,延,以開三仙平,以然,,
604,𩜾,章開三仙平,諸延,,
605,甄,見開三A仙平,居延,,
606,邅,知開三仙平,張連,,
607,潺,崇開三仙平,士連,,
608,羶,書開三仙平,式連,,
609,脠,徹開三仙平,丑延,,
610,鋋,常開三仙平,市連,,
611,纏,澄開三仙平,直連,,
612,嘕,曉開三B仙平,許延,,
613,連,來開三仙平,力延,,
614,篇,滂三A仙平,芳連,,
615,便,並三A仙平,房連,,
616,緜,明三A仙平,武延,,
617,全,從合三仙平,疾緣,,
618,宣,心合三仙平,須緣,,
619,鐫,精合三仙平,子泉,,
620,翾,曉合三A仙平,許緣,,
621,堧,日合三仙平,而緣,,
622,穿,昌合三仙平,昌緣,,
623,沿,以合三仙平,與專,,
624,旋,邪合三仙平,似宣,,
625,娟,影合三A仙平,於緣,,
626,船,船合三仙平,食川,,
627,鞭,幫三A仙平,卑連,,
628,㳄,邪開三仙平,夕連,,
629,詮,清合三仙平,此緣,,
630,專,章合三仙平,職緣,,
631,遄,常合三仙平,市緣,,
632,員,云合三B仙平,王權,,
633,恮,莊合三仙平,莊緣,,
634,栓,生合三仙平,山員,,
635,猭,徹合三仙平,丑緣,,
636,乾,羣開三B仙平,渠焉,,
637,愆,溪開三B仙平,去乾,,
638,權,羣合三B仙平,巨員,,
639,椽,澄合三仙平,直攣,,
640,攣,來合三仙平,呂員,,
641,弮,溪合三B仙平,丘圓,,
642,焉,影開三B仙平,於乾,,
643,漹,云開三B仙平,有乾,,
644,𡣬,影合三B仙平,於權,,
645,燀,昌開三仙平,尺延,,
646,𡰖,端開四齊平,丁全〈兮〉,,
647,勬,見合三B仙平,居員,,
648,蕭,心開四蕭平,蘇彫,,
649,祧,透開四蕭平,吐彫,,
650,貂,端開四蕭平,都聊,,
651,迢,定開四蕭平,徒聊,,
652,驍,見開四蕭平,古堯,,
653,聊,來開四蕭平,落蕭,,
654,堯,疑開四蕭平,五聊,,
655,膮,曉開四蕭平,許幺,,
656,幺,影開四蕭平,於堯,,
657,鄡,溪開四蕭平,苦幺,,
658,宵,心開三宵平,相邀,,
659,超,徹開三宵平,敕宵,,
660,朝,知開三宵平,陟遙,,
661,鼂,澄開三宵平,直遙,,
662,囂,曉開三B宵平,許嬌,,
663,樵,從開三宵平,昨焦,,
664,驕,見開三B宵平,舉喬,,
665,焦,精開三宵平,即消,,
666,饒,日開三宵平,如招,,
667,燒,書開三宵平,式招,,
668,遙,以開三宵平,餘昭,,
669,韶,常開三宵平,市昭,,
670,昭,章開三宵平,止遙,,
671,飆,幫三A宵平,甫遙,,
672,鑣,幫三B宵平,甫嬌,,
673,瓢,並三A宵平,符霄,,
674,蜱,明三A宵平,彌遙,,
675,苗,明三B宵平,武瀌,,
676,要,影開三A宵平,於霄,,
677,鴞,云開三B宵平,于嬌,,
678,喬,羣開三B宵平,巨嬌,,
679,鍫,清開三宵平,七遙,,
680,妖,影開三B宵平,於喬,,
681,蹻,溪開三A宵平,去遙,,
682,怊,昌開三宵平,尺招,,
683,𤐫,滂三A宵平,撫招,,
684,翹,羣開三A宵平,渠遙,,
685,燎,來開三宵平,力昭,,
686,趫,溪開三B宵平,起囂,,
687,肴,匣開二肴平,胡茅,,
688,交,見開二肴平,古肴,,
689,巢,崇開二肴平,鉏交,,
690,鐃,孃開二肴平,女交,,
691,梢,生開二肴平,所交,,
692,茅,明二肴平,莫交,,
693,虓,曉開二肴平,許交,,
694,包,幫二肴平,布交,,
695,胞,滂二肴平,匹交,,
696,敲,溪開二肴平,口交,,
697,聱,疑開二肴平,五交,,
698,𦗔,莊開二肴平,側交,,
699,嘲,知開二肴平,陟交,,
700,䜈,初開二肴平,楚交,,
701,庖,並二肴平,薄交,,
702,䫜,影開二肴平,於交,,
703,䫸,徹開二肴平,敕交,,
704,顟,來開二肴平,力嘲,,
705,䄻,澄開二肴平,直交,,
706,豪,匣開一豪平,胡刀,,
707,高,見開一豪平,古勞,,
708,勞,來開一豪平,魯刀,,
709,蒿,曉開一豪平,呼毛,,
710,毛,明一豪平,莫袍,,
711,饕,透開一豪平,土刀,,
712,刀,端開一豪平,都牢,,
713,騷,心開一豪平,蘇遭,,
714,袍,並一豪平,薄襃,,
715,襃,幫一豪平,博毛,,
716,陶,定開一豪平,徒刀,,
717,糟,精開一豪平,作曹,,
718,敖,疑開一豪平,五勞,,
719,曹,從開一豪平,昨勞,,
720,𤏶,影開一豪平,於刀,,
721,猱,泥開一豪平,奴刀,,
722,尻,溪開一豪平,苦刀,,
723,操,清開一豪平,七刀,,
724,㯱,滂一豪平,普袍,,
725,歌,見開一歌平,古俄,,
726,蹉,清開一歌平,七何,,
727,多,端開一歌平,得何,,
728,娑,心開一歌平,素何,,
729,駝,定開一歌平,徒河,,
730,醝,從開一歌平,昨何,,
731,莪,疑開一歌平,五何,,
732,佗,透開一歌平,託何,,
733,羅,來開一歌平,魯何,,
734,那,泥開一歌平,諾何,,
735,何,匣開一歌平,胡歌,,
736,訶,曉開一歌平,虎何,,
737,珂,溪開一歌平,苦何,,
738,阿,影開一歌平,烏何,,
739,戈,見合一歌平,古禾,,
740,遳,清合一歌平,七戈,,
741,𨹄,端合一歌平,丁戈,,
742,莎,心合一歌平,蘇禾,,
743,婆,並一歌平,薄波,,
744,㸰,定合一歌平,徒和,,
745,摩,明一歌平,莫婆,,
746,矬,從合一歌平,昨禾,,
747,訛,疑合一歌平,五禾,,
748,詑,透合一歌平,土禾,,
749,𩼊,來合一歌平,落戈,,
750,捼,泥合一歌平,奴禾,,
751,波,幫一歌平,博禾,,
752,頗,滂一歌平,滂禾,,
753,和,匣合一歌平,戶戈,,
754,科,溪合一歌平,苦禾,,
755,倭,影合一歌平,烏禾,,
756,鞾,曉合三C歌平,許𦚢,,
757,𦚢,影合三C歌平,於靴,,
758,𩨷,溪合三C歌平,去靴,,
759,伽,羣開三C歌平,求迦,,
760,佉,溪開三C歌平,丘伽,,
761,迦,見開三C歌平,居伽,,
762,脞,清合一歌平,醋伽,,
763,侳,精合一歌平,子𩨷,,
764,瘸,羣合三C歌平,巨靴,,
765,𦣛,來合三歌平,縷𩨷,,
766,麻,明二麻平,莫霞,,
767,車,昌開三麻平,尺遮,,
768,奢,書開三麻平,式車,,
769,邪,以開三麻平,以遮,,
770,遮,章開三麻平,正奢,,
771,嗟,精開三麻平,子邪,,
772,蛇,船開三麻平,食遮,,
773,華,匣合二麻平,戶花,,
774,瓜,見合二麻平,古華,,
775,華,曉合二麻平,呼瓜,,
776,誇,溪合二麻平,苦瓜,,
777,拏,孃開二麻平,女加,,
778,嘉,見開二麻平,古牙,,
779,遐,匣開二麻平,胡加,,
780,葩,滂二麻平,普巴,,
781,鴉,影開二麻平,於加,,
782,巴,幫二麻平,伯加,,
783,叉,初開二麻平,初牙,,
784,鯊,生開二麻平,所加,,
785,牙,疑開二麻平,五加,,
786,樝,莊開二麻平,側加,,
787,𡨀,澄開二麻平,宅加,,
788,衺,邪開三麻平,似嗟,,
789,闍,常開三麻平,視遮,,
790,窊,影合二麻平,烏瓜,,
791,髽,莊合二麻平,莊華,,
792,檛,知合二麻平,陟瓜,,
793,爬,並二麻平,蒲巴,,
794,楂,崇開二麻平,鉏加,,
795,侘,徹開二麻平,敕加,,
796,奓,知開二麻平,陟加,,
797,煆,曉開二麻平,許加,,
798,䶗,溪開二麻平,苦加,,
799,㚗,從開三麻平,才邪,,
800,若,日開三麻平,人賒,,
801,些,心開三麻平,寫邪,,
802,爹,端開四麻平,陟邪,,
803,𣢉,疑合二麻平,五瓜,,
804,𣘟,溪開二麻平,乞加,,
805,陽,以開三陽平,與章,,
806,詳,邪開三陽平,似羊,,
807,良,來開三陽平,呂張,,
808,香,曉開三C陽平,許良,,
809,商,書開三陽平,式羊,,
810,房,並三C陽平,符方,,
811,章,章開三陽平,諸良,,
812,昌,昌開三陽平,尺良,,
813,羌,溪開三C陽平,去羊,,
814,薑,見開三C陽平,居良,,
815,長,澄開三陽平,直良,,
816,張,知開三陽平,陟良,,
817,穰,日開三陽平,汝陽,,
818,方,幫三C陽平,府良,,
819,襄,心開三陽平,息良,,
820,將,精開三陽平,即良,,
821,創,初開三陽平,初良,,
822,亡,明三C陽平,武方,,
823,孃,孃開三陽平,女良,,
824,牀,崇開三陽平,士莊,,
825,莊,莊開三陽平,側羊,,
826,常,常開三陽平,市羊,,
827,霜,生開三陽平,色莊,,
828,牆,從開三陽平,在良,,
829,鏘,清開三陽平,七羊,,
830,匡,溪合三C陽平,去王,,
831,王,云合三C陽平,雨方,,
832,央,影開三C陽平,於良,,
833,強,羣開三C陽平,巨良,,
834,𦳝,徹開三陽平,褚羊,,
835,芳,滂三C陽平,敷方,,
836,狂,羣合三C陽平,巨王,,
837,唐,定開一唐平,徒郎,,
838,郎,來開一唐平,魯當,,
839,當,端開一唐平,都郎,,
840,倉,清開一唐平,七岡,,
841,岡,見開一唐平,古郎,,
842,桑,心開一唐平,息郎,,
843,康,溪開一唐平,苦岡,,
844,荒,曉合一唐平,呼光,,
845,黃,匣合一唐平,胡光,,
846,光,見合一唐平,古黃,,
847,湯,透開一唐平,吐郎,,
848,滂,滂一唐平,普郎,,
849,汪,影合一唐平,烏光,,
850,鴦,影開一唐平,烏郎,,
851,炕,曉開一唐平,呼郎,,
852,航,匣開一唐平,胡郎,,
853,茫,明一唐平,莫郎,,
854,臧,精開一唐平,則郎,,
855,囊,泥開一唐平,奴當,,
856,傍,並一唐平,步光,,
857,卬,疑開一唐平,五剛,,
858,藏,從開一唐平,昨郎,,
859,䯑,溪合一唐平,苦光,,
860,幫,幫一唐平,博旁,,
861,庚,見開二庚平,古行,,
862,阬,溪開二庚平,客庚,,
863,盲,明二庚平,武庚,,
864,橫,匣合二庚平,戶盲,,
865,閍,幫二庚平,甫盲,,
866,諻,曉合二庚平,虎橫,,
867,觵,見合二庚平,古橫,,
868,彭,並二庚平,薄庚,,
869,脝,曉開二庚平,許庚,,
870,瞠,徹開二庚平,丑庚,,
871,鎗,初開二庚平,楚庚,,
872,傖,崇開二庚平,助庚,,
873,霙,影開三B庚平,於驚,,
874,磅,滂二庚平,撫庚,,
875,平,並三B庚平,符兵,,
876,驚,見開三B庚平,舉卿,,
877,明,明三B庚平,武兵,,
878,棖,澄開二庚平,直庚,,
879,趟,知開二庚平,竹盲,,
880,榮,云合三B庚平,永兵,,
881,兵,幫三B庚平,甫明,,
882,兄,曉合三B庚平,許榮,,
883,卿,溪開三B庚平,去京,,
884,生,生開三庚平,所庚,,
885,擎,羣開三B庚平,渠京,,
886,迎,疑開三B庚平,語京,,
887,行,匣開二庚平,戶庚,,
888,鬤,孃開二庚平,乃庚,,
889,耕,見開二耕平,古莖,,
890,鏗,溪開二耕平,口莖,,
891,甍,明二耕平,莫耕,,
892,浜,幫二耕平,布耕,,
893,宏,匣合二耕平,戶萌,,
894,莖,匣開二耕平,戶耕,,
895,朾,知開二耕平,中莖,,
896,甖,影開二耕平,烏莖,,
897,崢,崇開二耕平,士耕,,
898,琤,初開二耕平,楚耕,,
899,儜,孃開二耕平,女耕,,
900,怦,滂二耕平,普耕,,
901,轟,曉合二耕平,呼宏,,
902,繃,幫二耕平,北萌,,
903,橙,澄開二耕平,宅耕,,
904,泓,影合二耕平,烏宏,,
905,輣,並二耕平,薄萌,,
906,娙,疑開二耕平,五莖,,
907,爭,莊開二耕平,側莖,,
908,清,清開三清平,七情,,
909,情,從開三清平,疾盈,,
910,精,精開三清平,子盈,,
911,盈,以開三清平,以成,,
912,營,以合三清平,余傾,,
913,嬰,影開三A清平,於盈,,
914,貞,知開三清平,陟盈,,
915,檉,徹開三清平,丑貞,,
916,成,常開三清平,是征,,
917,呈,澄開三清平,直貞,,
918,聲,書開三清平,書盈,,
919,征,章開三清平,諸盈,,
920,輕,溪開三A清平,去盈,,
921,名,明三A清平,武并,,
922,跉,來開三清平,呂貞,,
923,并,幫三A清平,府盈,,
924,傾,溪合三A清平,去營,,
925,𩛿,邪開三清平,徐盈,,
926,縈,影合三A清平,於營,,
927,瓊,羣合三A清平,渠營,,
928,騂,心合三清平,息營,,
929,頸,羣開三A清平,巨成,,
930,𧵣,曉合三A清平,火營,,
931,青,清開四青平,倉經,,
932,經,見開四青平,古靈,,
933,㓝,匣開四青平,戶經,,
934,庭,定開四青平,特丁,,
935,丁,端開四青平,當經,,
936,馨,曉開四青平,呼刑,,
937,星,心開四青平,桑經,,
938,竮,滂四青平,普丁,,
939,靈,來開四青平,郎丁,,
940,寧,泥開四青平,奴丁,,
941,汀,透開四青平,他丁,,
942,冥,明四青平,莫經,,
943,瓶,並四青平,薄經,,
944,熒,匣合四青平,戶扃,,
945,扃,見合四青平,古螢,,
946,蒸,章開三蒸平,煑仍,,
947,承,常開三蒸平,署陵,,
948,澂,澄開三蒸平,直陵,,
949,陵,來開三蒸平,力膺,,
950,膺,影開三C蒸平,於陵,,
951,凭,並三B蒸平,扶冰,,
952,冫,幫三B蒸平,筆陵,,
953,蠅,以開三蒸平,余陵,,
954,繩,船開三蒸平,食陵,,
955,升,書開三蒸平,識蒸,,
956,仍,日開三蒸平,如乘,,
957,兢,見開三C蒸平,居陵,,
958,徵,知開三蒸平,陟陵,,
959,繒,從開三蒸平,疾陵,,
960,凝,疑開三C蒸平,魚陵,,
961,興,曉開三C蒸平,虛陵,,
962,稱,昌開三蒸平,處陵,,
963,殑,羣開三C蒸平,其矜,,
964,㱡,生開三蒸平,山矜,,
965,硱,溪開三B蒸平,綺兢,,
966,僜,徹開三蒸平,丑升,,
967,磳,崇開三蒸平,仕兢,,
968,砯,滂三B蒸平,披冰,,
969,登,端開一登平,都滕,,
970,楞,來開一登平,魯登,,
971,僧,心開一登平,蘇增,,
972,崩,幫一登平,北滕,,
973,增,精開一登平,作滕,,
974,瞢,明一登平,武登,,
975,層,從開一登平,昨棱,,
976,朋,並一登平,步崩,,
977,弘,匣合一登平,胡肱,,
978,肱,見合一登平,古弘,,
979,薨,曉合一登平,呼肱,,
980,能,泥開一登平,奴登,,
981,騰,定開一登平,徒登,,
982,恆,匣開一登平,胡登,,
983,揯,見開一登平,古恆,,
984,鼟,透開一登平,他登,,
985,漰,滂一登平,普朋,,
986,尤,云三C尤平,羽求,,
987,憂,影三C尤平,於求,,
988,劉,來三尤平,力求,,
989,秋,清三尤平,七由,,
990,猷,以三尤平,以周,,
991,牛,疑三C尤平,語求,,
992,遒,精三尤平,即由,,
993,酋,從三尤平,自秋,,
994,脩,心三尤平,息流,,
995,抽,徹三尤平,丑鳩,,
996,𠁫,溪開三B幽平,去秋,,
997,犫,昌三尤平,赤周,,
998,周,章三尤平,職流,,
999,讎,常三尤平,市流,,
1000,柔,日三尤平,耳由,,
1001,收,書三尤平,式州,,
1002,丘,溪三C尤平,去鳩,,
1003,䬌,滂三C尤平,匹尤,,
1004,鳩,見三C尤平,居求,,
1005,不,幫三C尤平,甫鳩,,
1006,𢯱,生三尤平,所鳩,,
1007,搊,初三尤平,楚鳩,,
1008,鄒,莊三尤平,側鳩,,
1009,愁,崇三尤平,士尤,,
1010,休,曉三C尤平,許尤,,
1011,囚,邪三尤平,似由,,
1012,儔,澄三尤平,直由,,
1013,輈,知三尤平,張流,,
1014,𧚍,羣三C尤平,巨鳩,,
1015,浮,並三C尤平,縛謀,,
1016,謀,明三C尤平,莫浮,,
1017,侯,匣一侯平,戶鉤,,
1018,謳,影一侯平,烏侯,,
1019,羺,泥一侯平,奴鉤,,
1020,樓,來一侯平,落侯,,
1021,涑,心一侯平,速侯,,
1022,彄,溪一侯平,恪侯,,
1023,齁,曉一侯平,呼侯,,
1024,𣠏,精一侯平,子侯,,
1025,偷,透一侯平,託侯,,
1026,頭,定一侯平,度侯,,
1027,齵,疑一侯平,五婁,,
1028,鉤,見一侯平,古侯,,
1029,兜,端一侯平,當侯,,
1030,㔌,從一侯平,徂鉤,,
1031,裒,並一侯平,薄侯,,
1032,䜅,清合三脂平,千侯〈隹〉,,
1033,呣,明一侯平,亡侯,,
1034,幽,影開三A幽平,於虯,,
1035,虯,羣開三A幽平,渠幽,,
1036,彪,幫三B幽平,甫烋,,
1037,鏐,來開三幽平,力幽,,
1038,樛,見開三A幽平,居虯,,
1039,淲,並三B幽平,皮彪,,
1040,稵,精開三之平,子幽〈絲〉,,
1041,犙,生開二咸平,山幽〈函〉,,
1042,聱,疑開三A幽平,語虯,,
1043a,飍,曉開三A幽平,香幽,,飍
1043b,烋,曉開三B幽平,香｟許｠幽〖彪〗,,烋
1044,繆,明三B幽平,武彪,,
1045,侵,清開三侵平,七林,,
1046,尋,邪開三侵平,徐林,,
1047,林,來開三侵平,力尋,,
1048,琛,徹開三侵平,丑林,,
1049,斟,章開三侵平,職深,,
1050,沈,澄開三侵平,直深,,
1051,碪,知開三侵平,知林,,
1052,諶,常開三侵平,氏任,,
1053,任,日開三侵平,如林,,
1054,深,書開三侵平,式針,,
1055,淫,以開三侵平,餘針,,
1056,心,心開三侵平,息林,,
1057,愔,影開三A侵平,挹淫,,
1058,祲,精開三侵平,子心,,
1059,𩷒,從開三侵平,昨淫,,
1060,䛘,孃開三侵平,女心,,
1061,琴,羣開三B侵平,巨金,,
1062,欽,溪開三B侵平,去金,,
1063,吟,疑開三B侵平,魚金,,
1064,歆,曉開三B侵平,許金,,
1065,金,見開三B侵平,居吟,,
1066,音,影開三B侵平,於金,,
1067,森,生開三侵平,所今,,
1068,岑,崇開三侵平,鋤（鉏）針,,
1069,兂,莊開三侵平,側吟,,
1070,嵾,初開三侵平,楚簪,,
1071,𧡪,昌開三侵平,充針,,
1072,覃,定開一覃平,徒含,,
1073,參,清開一覃平,倉含,,
1074,南,泥開一覃平,那含,,
1075,諳,影開一覃平,烏含,,
1076,含,匣開一覃平,胡男,,
1077,婪,來開一覃平,盧含,,
1078,蠶,從開一覃平,昨含,,
1079,簪,精開一覃平,作含,,
1080,探,透開一覃平,他含,,
1081,耽,端開一覃平,丁含,,
1082,龕,溪開一覃平,口含,,
1083,㟏,曉開一覃平,火含,,
1084,毿,心開一覃平,蘇含,,
1085,弇,見開一覃平,古南,,
1086,䜙,疑開一覃平,五含,,
1087,談,定開一談平,徒甘,,
1088,甘,見開一談平,古三,,
1089,擔,端開一談平,都甘,,
1090,三,心開一談平,蘇甘,,
1091,藍,來開一談平,魯甘,,
1092,坩,溪開一談平,苦甘,,
1093,舑,透開一談平,他酣,,
1094,慙,從開一談平,昨甘,,
1095,酣,匣開一談平,胡甘,,
1096,姏,明一談平,武酣,,
1097,𩈻,精開一談平,昨〈作〉三,,
1098,蚶,曉開一談平,呼談,,
1099,鹽,以開三鹽平,余廉,,
1100,廉,來開三鹽平,力鹽,,
1101,砭,幫三B鹽平,府廉,,
1102,銛,心開三鹽平,息廉,,
1103,籤,清開三鹽平,七廉,,
1104,詹,章開三鹽平,職廉,,
1105,棎,常開三鹽平,視占,,
1106,苫,書開三鹽平,失廉,,
1107,䪜,昌開三鹽平,處占,,
1108,𩓾,日開三鹽平,汝鹽,,
1109,黏,孃開三鹽平,女廉,,
1110,炎,云開三B鹽平,于廉,,
1111,霑,知開三鹽平,張廉,,
1112,覘,徹開三鹽平,丑廉,,
1113,淹,影開三B鹽平,央炎,,
1114,𢜩,溪開三B鹽平,丘廉,,
1115,𪙊,疑開三B鹽平,語廉,,
1116,尖,精開三鹽平,子廉,,
1117,潛,從開三鹽平,昨鹽,,
1118,箝,羣開三B鹽平,巨淹,,
1119,懕,影開三A鹽平,一鹽,,
1120,燅,邪開三鹽平,徐鹽,,
1121,襳,生開三鹽平,史炎,,
1122,㶣,澄開三鹽平,直廉,,
1123,鍼,羣開三A鹽平,巨鹽,,
1124,添,透開四添平,他兼,,
1125,𩬑,端開四添平,丁兼,,
1126,甜,定開四添平,徒兼,,
1127,鬑,來開四添平,勒兼,,
1128,謙,溪開四添平,苦兼,,
1129,兼,見開四添平,古甜,,
1130,嫌,匣開四添平,戶兼,,
1131,鮎,泥開四添平,奴兼,,
1132,馦,曉開四添平,許兼,,
1133,咸,匣開二咸平,胡讒,,
1134,緘,見開二咸平,古咸,,
1135,攕,生開二咸平,所咸,,
1136,𤟟,影開二咸平,乙咸,,
1137,嵒,疑開二咸平,五咸,,
1138,㰹,曉開二咸平,許咸,,
1139,詀,知開二咸平,竹咸,,
1140,諵,孃開二咸平,女咸,,
1141,讒,崇開二咸平,士咸,,
1142,鵮,溪開二咸平,苦咸,,
1143,銜,匣開二銜平,戶監,,
1144,巉,崇開二銜平,鋤（鉏）銜,,
1145,巖,疑開二銜平,五銜,,
1146,攙,初開二銜平,楚銜,,
1147,衫,生開二銜平,所銜,,
1148,監,見開二銜平,古銜,,
1149,𨂝,並二銜平,白銜,,
1150,嵌,溪開二銜平,口銜,,
1151,嚴,疑開三C嚴平,語𩏩,,
1152,𩏩,曉開三C嚴平,虛嚴,,
1153,醃,影開三C嚴平,於嚴,,
1154,㪁,溪開三C嚴平,丘嚴,,
1155,凡,並三C凡平,符咸〖䒦〗,,
1156,䒦,滂三C凡平,匹凡,,
1157,董,端一東上,多動,,
1158,蠓,明一東上,莫孔,,
1159,孔,溪一東上,康董,,
1160,㪌,心一東上,先孔,,
1161,侗,透一東上,他孔,,
1162,總,精一東上,作孔,,
1163,澒,匣一東上,胡孔,,
1164,蓊,影一東上,烏孔,,
1165,𨑊,泥一東上,奴動,,
1166,琫,幫一東上,邊孔,,
1167,曨,來一東上,力董,,
1168,嗊,曉一東上,呼孔,,
1169,動,定一東上,徒摠,,
1170,菶,並一東上,蒲蠓,,
1171,腫,章三鍾上,之隴,,
1172,寵,徹三鍾上,丑隴,,
1173,隴,來三鍾上,力踵,,
1174,擁,影三C鍾上,於隴,,
1175,宂,日三鍾上,而隴,,
1176,重,澄三鍾上,直隴,,
1177,冢,知三鍾上,知隴,,
1178,奉,並三C鍾上,扶隴,,
1179,捧,滂三C鍾上,敷奉,,
1180,勇,以三鍾上,余隴,,
1181,恐,溪三C鍾上,丘隴,,
1182,尰,常三鍾上,時宂,,
1183,拱,見三C鍾上,居悚,,
1184,悚,心三鍾上,息拱,,
1185,洶,曉三C鍾上,許拱,,
1186,覂,幫三C鍾上,方勇,,
1187,湩,端一冬上,都𪁪,,
1188,𪁪,明一冬上,莫湩,,
1189,䅃,羣三C鍾上,渠隴,,
1190,𨿿,昌三鍾上,充隴,,
1191,幒,清三鍾上,職〘且〙勇,,
1192,䙕,精三鍾上,子冢,,
1193,講,見二江上,古項,,
1194,㭋,並二江上,步項,,
1195,慃,影二江上,烏項,,
1196,𠈵,明二江上,武項,,
1197,項,匣二江上,胡講,,
1198,𦂌,幫二江上,巴講,,
1199,傋,曉二江上,虛慃,,
1200,紙,章開三支上,諸氏,,
1201,是,常開三支上,承紙,,
1202,靡,明三B支上,文彼,,
1203,彼,幫三B支上,甫委,,
1204,被,並三B支上,皮彼,,
1205,毀,曉合三B支上,許委,,
1206,委,影合三B支上,於詭,,
1207,跪,溪合三B支上,去委,,
1208,詭,見合三B支上,過委,,
1209,髓,心合三支上,息委,,
1210,絫,來合三支上,力委,,
1211,技,羣開三B支上,渠綺,,
1212,倚,影開三B支上,於綺,,
1213,掎,見開三B支上,居綺,,
1214,綺,溪開三B支上,墟彼,,
1215,螘,疑開三B支上,魚倚,,
1216,蔿,云合三B支上,韋委,,
1217,觜,精合三支上,即委,,
1218,蘂,日合三支上,如累,,
1219,此,清開三支上,雌氏,,
1220,豸,澄開三支上,池爾,,
1221,徙,心開三支上,斯氏,,
1222,酏,以開三支上,移爾,,
1223,邐,來開三支上,力紙,,
1224,躧,生開三支上,所綺,,
1225,𢔌,幫三A支上,并弭,,
1226,爾,日開三支上,兒氏,,
1227,渳,明三A支上,綿婢,,
1228,婢,並三A支上,便俾,,
1229,侈,昌開三支上,尺氏,,
1230,弛,書開三支上,施是,,
1231,紫,精開三支上,將此,,
1232,捶,章合三支上,之累,,
1233,揣,初合三支上,初委,,
1234,𤢍,邪合三支上,隨婢,,
1235,舓,船開三支上,神帋（紙）,,
1236,㧗,莊開三支上,側氏,,
1237,㱟,滂三B支上,匹靡,,
1238,諀,滂三A支上,匹婢,,
1239,䓈,以合三支上,羊捶,,
1240,惢,從合三支上,才捶,,
1241,跬,溪合三A支上,丘弭,,
1242,狔,孃開三支上,女氏,,
1243,硊,疑合三B支上,魚毀,,
1244,跪,羣合三B支上,渠委,,
1245,褫,徹開三支上,敕豸,,
1246,㨖,知開三支上,陟侈,,
1247,𪖥,曉開三B支上,興倚,,
1248,企,溪開三A支上,丘弭,,
1249,菙,常合三支上,時髓,,
1250,枳,見開三A支上,居帋（紙）,,
1251,旨,章開三脂上,職雉,,
1252,視,常開三脂上,承矢,,
1253,美,明三B脂上,無鄙,,
1254,鄙,幫三B脂上,方美,,
1255,兕,邪開三脂上,徐姊,,
1256,几,見開三B脂上,居履,,
1257,姊,精開三脂上,將几,,
1258,匕,幫三A脂上,卑履,,
1259,軌,見合三B脂上,居洧,,
1260,洧,云合三B脂上,榮美,,
1261,矢,書開三脂上,式視,,
1262,雉,澄開三脂上,直几,,
1263,死,心開三脂上,息姊,,
1264,牝,並三A脂上,扶履,,
1265,履,來開三脂上,力几,,
1266,水,書合三脂上,式軌,,
1267,壘,來合三脂上,力軌,,
1268,揆,羣合三A脂上,求癸,,
1269,趡,清合三脂上,千水,,
1270,柅,孃開三脂上,女履,,
1271,癸,見合三A脂上,居誄,,
1272,否,並三B脂上,符鄙,,
1273,㠑,從合三脂上,徂累〖壘〗,,
1274,嚭,滂三B脂上,匹鄙,,
1275,蕊,日合三脂上,如壘,,
1276,唯,以合三脂上,以水,,
1277,㰻,影開三B脂上,於几,,
1278,濢,精合三脂上,遵誄,,
1279,黹,知開三脂上,豬几,,
1280,𡳭,徹開三脂上,楮几,,
1281,𧿲,莊開三之上,止姊,,
1282,䁤,曉合三A脂上,火癸,,
1283,䣀,羣合三B脂上,暨軌,,
1284,跽,羣開三B脂上,暨几,,
1285,巋,溪合三B脂上,丘軌,,
1286,止,章開三之上,諸市,,
1287,市,常開三之上,時止,,
1288,徵,知開三之上,陟里,,
1289,喜,曉開三C之上,虛里,,
1290,紀,見開三C之上,居理,,
1291,以,以開三之上,羊己,,
1292,似,邪開三之上,詳里,,
1293,史,生開三之上,疎士,,
1294,耳,日開三之上,而止,,
1295,里,來開三之上,良士,,
1296,枲,心開三之上,胥里,,
1297,始,書開三之上,詩止,,
1298,歭,澄開三之上,直里,,
1299,起,溪開三C之上,墟里,,
1300,士,崇開三之上,鉏里,,
1301,俟,俟開三之上,牀史,,
1302,子,精開三之上,即里,,
1303,矣,云開三C之上,于紀,,
1304,擬,疑開三C之上,魚紀,,
1305,齒,昌開三之上,昌里,,
1306,恥,徹開三之上,敕里,,
1307a,㓼,初開三臻入,初紀｟己｠〈乙〉,,㓼
1307b,欼,初合二夬去,初紀｟史｠〈夬〉,,欼㱀
1308,滓,莊開三之上,阻史,,
1309,譩,影開三C之上,於擬,,
1310,伱,孃開三之上,乃里,,
1311,尾,明三C微上,無匪,,
1312,扆,影開三C微上,於豈,,
1313,豈,溪開三C微上,袪狶（豨）,,
1314,蟣,見開三C微上,居狶（豨）,,
1315,斐,滂三C微上,敷尾,,
1316,匪,幫三C微上,府尾,,
1317,韙,云合三C微上,于鬼,,
1318,鬼,見合三C微上,居偉,,
1319,虺,曉合三C微上,許偉,,
1320,顗,疑開三C微上,魚豈,,
1321,豨,曉開三C微上,虛豈,,
1322,磈,影合三C微上,於鬼,,
1323,膹,並三C微上,浮鬼,,
1324,語,疑開三C魚上,魚巨,,
1325,呂,來開三魚上,力舉,,
1326,佇,澄開三魚上,直呂,,
1327,與,以開三魚上,余呂,,
1328,䰞,章開三魚上,章与（與）,,
1329,汝,日開三魚上,人渚,,
1330,暑,書開三魚上,舒呂,,
1331,杵,昌開三魚上,昌與,,
1332,貯,知開三魚上,丁呂,,
1333,諝,心開三魚上,私呂,,
1334,楮,徹開三魚上,丑呂,,
1335,女,孃開三魚上,尼呂,,
1336,許,曉開三C魚上,虛呂,,
1337,巨,羣開三C魚上,其呂,,
1338,所,生開三魚上,疎舉,,
1339,楚,初開三魚上,創舉,,
1340,阻,莊開三魚上,側呂,,
1341,齟,崇開三魚上,牀呂,,
1342,咀,從開三魚上,慈呂,,
1343,𢮁,影開三C魚上,於許,,
1344,舉,見開三C魚上,居許,,
1345,敘,邪開三魚上,徐呂,,
1346,去,溪開三C魚上,羌舉,,
1347,紓,船開三魚上,神與,,
1348,野,常開三魚上,承與,,
1349,𤿚,清開三魚上,七與,,
1350,苴,精開三魚上,子與,,
1351,麌,疑合三C虞上,虞矩,,
1352,羽,云合三C虞上,王矩,,
1353,聚,從合三虞上,慈庾,,
1354,甫,幫三C虞上,方矩,,
1355,武,明三C虞上,文甫,,
1356,父,並三C虞上,扶雨,,
1357,撫,滂三C虞上,芳武,,
1358,柱,澄合三虞上,直主,,
1359,詡,曉合三C虞上,況羽,,
1360,豎,常合三虞上,臣庾,,
1361,庾,以合三虞上,以主,,
1362,主,章合三虞上,之庾,,
1363,傴,影合三C虞上,於武,,
1364,齲,溪合三C虞上,驅雨,,
1365,拄,知合三虞上,知庾,,
1366,乳,日合三虞上,而主,,
1367,窶,羣合三C虞上,其矩,,
1368,數,生合三虞上,所矩,,
1369,矩,見合三C虞上,俱雨,,
1370,取,清合三虞上,七庾,,
1371,縷,來合三虞上,力主,,
1372,𦄼,心合三虞上,相庾,,
1373,䝒,崇合三虞上,鶵（雛）禹,,
1374,姥,明一模上,莫補,,
1375,土,透一模上,他魯,,
1376,杜,定一模上,徒古,,
1377,魯,來一模上,郎古,,
1378,蔖,清一模上,采古,,
1379,覩,端一模上,當古,,
1380,古,見一模上,公戶,,
1381,五,疑一模上,疑古,,
1382,簿,並一模上,裴古,,
1383,粗,從一模上,徂古,,
1384,祖,精一模上,則古,,
1385,虎,曉一模上,呼古,,
1386,隖,影一模上,安古,,
1387,苦,溪一模上,康杜,,
1388,怒,泥一模上,奴古,,
1389,戶,匣一模上,侯古,,
1390,普,滂一模上,滂古,,
1391,補,幫一模上,博古,,
1392,薺,從開四齊上,徂禮,,
1393,禮,來開四齊上,盧啓,,
1394,體,透開四齊上,他禮,,
1395,䫌,滂四齊上,匹米,,
1396,濟,精開四齊上,子禮,,
1397,邸,端開四齊上,都禮,,
1398,弟,定開四齊上,徒禮,,
1399,禰,泥開四齊上,奴禮,,
1400,洗,心開四齊上,先禮,,
1401,泚,清開四齊上,千禮,,
1402,啓,溪開四齊上,康禮,,
1403,徯,匣開四齊上,胡禮,,
1404,米,明四齊上,莫禮,,
1405,陛,並四齊上,傍禮,,
1406,𠯋,影開四齊上,烏弟,,
1407,堄,疑開四齊上,研啓,,
1408,㪏,幫四齊上,補米,,
1409,蟹,匣開二佳上,胡買,,
1410,買,明二佳上,莫蟹,,
1411,䒓,溪開二佳上,苦蟹,,
1412,廌,澄開二佳上,宅買,,
1413,嬭,孃開二佳上,奴蟹,,
1414,罷,並二佳上,薄蟹,,
1415,矮,影開二佳上,烏蟹,,
1416,擺,幫二佳上,北買,,
1417,解,見開二佳上,佳買,,
1418,灑,生開二佳上,所蟹,,
1419,𠁥,見合二佳上,乖買,,
1420,㧳,見開二山入,丈〈？〉夥〈黠〉,,
1421,夥,匣合二佳上,懷𠁥,,
1422,扮,見開二山入,花〈？〉夥〈黠〉,,
1423a,箉,定開二佳上,求〈？〉蟹,,箉
1423b,拐,見合二佳上,求〈乖〉蟹,,拐
1424,駭,匣開二皆上,侯楷,,
1425,楷,溪開二皆上,苦駭,,
1426,騃,疑開二皆上,五駭,,
1427,挨,影開二皆上,於駭,,
1428,賄,曉合一灰上,呼罪,,
1429,猥,影合一灰上,烏賄,,
1430,磥,來合一灰上,落猥,,
1431,錞,定合一灰上,徒猥,,
1432,辠,從合一灰上,徂賄,,
1433,浼,明一灰上,武罪,,
1434,骽,透合一灰上,吐猥,,
1435,瘣,匣合一灰上,胡罪,,
1436,䫥,溪合一灰上,口猥,,
1437,𦞙,端合一灰上,都罪,,
1438,餧,泥合一灰上,奴罪,,
1439,𩬳,端合一灰上,陟賄,,
1440,頠,疑合一灰上,五罪,,
1441,皠,清合一灰上,七罪,,
1442,琲,並一灰上,蒲罪,,
1443,嶊,精合一灰上,子罪,,
1444,倄,云合三C廢上,于罪,,
1445,海,曉開一咍上,呼改,,
1446,愷,溪開一咍上,苦亥,,
1447,宰,精開一咍上,作亥,,
1448,駘,定開一咍上,徒亥,,
1449,乃,泥開一咍上,奴亥,,
1450,改,見開一咍上,古亥,,
1451,亥,匣開一咍上,胡改,,
1452,啡,滂一灰上,匹愷,,
1453,采,清開一咍上,倉宰,,
1454,茝,昌開三廢上,昌紿,,
1455,等,端開一咍上,多改,,
1456,䆀,明一灰上,莫亥,,
1457,在,從開一咍上,昨宰,,
1458,俖,滂一灰上,普乃,,
1459,欸,影開一咍上,於改,,
1460,佁,以開三廢上,夷在,,
1461,㘆,透開一咍上,他亥,,
1462,疓,泥開一咍上,如亥,,
1463,𨦂,來開一咍上,來改,,
1464,䑂,以開三廢上,與改,,
1465,倍,並一灰上,薄亥,,
1466,軫,章開三真上,章忍,,
1467,辴,徹開三真上,丑忍,,
1468,腎,常開三真上,時忍,,
1469,忍,日開三真上,而軫,,
1470,矤,書開三真上,式忍,,
1471,嶙,來開三真上,良忍,,
1472,紖,澄開三真上,直引,,
1473,緊,見開三A真上,居忍,,
1474,盡,從開三真上,慈忍,,
1475,㯸,精開三真上,即忍,,
1476,牝,並三A真上,毗忍,,
1477,釿,疑開三B真上,宜引,,
1478,笉,云合三B真上,士〈于〉忍,,
1479,窘,羣合三B真上,渠殞,,
1480,引,以開三真上,余忍,,
1481,愍,明三B真上,眉殞,,
1482,泯,明三A真上,武盡,,
1483,殞,云合三B真上,于敏,,
1484,準,章合三真上,之尹,,
1485,尹,以合三真上,余準,,
1486,筍,心合三真上,思尹,,
1487,蝡,日合三仙上,而允〈兗〉,,
1488,蠢,昌合三真上,尺尹,,
1489,盾,船合三真上,食尹,,
1490,偆,徹合三真上,癡準,,
1491,耣,來合三真上,力準,,
1492,𣯍,日合三真上,而尹,,
1493,𦃢,溪合三B真上,丘尹,,
1494,螼,溪開三A真上,弃忍,,
1495,賰,書合三真上,式允,,
1496,脪,曉開三B真上,興腎,,
1497,濜,崇開三臻上,鉏紖,,
1498,屒,知開三真上,珍忍,,
1499,吻,明三C文上,武粉,,
1500,粉,幫三C文上,方吻,,
1501,憤,並三C文上,房吻,,
1502,忿,滂三C文上,敷粉,,
1503,惲,影合三C文上,於粉,,
1504,齳,疑合三C文上,魚吻,,
1505,抎,云合三C文上,云粉,,
1506,𧼐,溪合三C文上,丘粉,,
1507,隱,影開三C殷上,於謹,,
1508,謹,見開三C殷上,居隱,,
1509,𧤛,莊開三臻上,仄謹,,
1510,赾,溪開三C殷上,丘謹,,
1511,近,羣開三C殷上,其謹,,
1512,齔,初開三臻上,初謹,,
1513,听,疑開三C殷上,牛謹,,
1514,䘆,曉開三C殷上,休謹,,
1515,阮,疑合三C元上,虞遠,,
1516,遠,云合三C元上,雲阮,,
1517,偃,影開三C元上,於幰,,
1518,湕,見開三C元上,居偃,,
1519,寋,羣開三C元上,其偃,,
1520,𧥛,溪開三C元上,去偃,,
1521,𧥜,疑開三C元上,語偃,,
1522,幰,曉開三C元上,虛偃,,
1523,晚,明三C元上,無遠,,
1524,反,幫三C元上,府遠,,
1525,𧯦,羣合三C元上,求晚,,
1526,婉,影合三C元上,於阮,,
1527,䅚,溪合三C元上,去阮,,
1528,暅,曉合三C元上,況晚,,
1529,飯,並三C元上,扶晚,,
1530,混,匣合一魂上,胡本,,
1531,翉,滂一魂上,普本,,
1532,忖,清合一魂上,倉本,,
1533,本,幫一魂上,布忖,,
1534,損,心合一魂上,蘇本,,
1535,𠟃,精合一魂上,兹損,,
1536,穩,影合一魂上,烏本,,
1537,囤,定合一魂上,徒損,,
1538,鱒,從合一魂上,才本,,
1539,𩩌,見合一魂上,古本,,
1540,畽,透合一魂上,他袞,,
1541,閫,溪合一魂上,苦本,,
1542,㤻,來合一魂上,盧本,,
1543,獖,並一魂上,蒲本,,
1544,懣,明一魂上,模本,,
1545,㶧,泥合一魂上,乃本,,
1546,𦃕,曉合一魂上,虛本,,
1547,很,匣開一痕上,胡墾,,
1548,墾,溪開一痕上,康很,,
1549,䫀,見開一痕上,古很,,
1550,旱,匣開一寒上,胡笴,,
1551,亶,端開一寒上,多旱,,
1552,坦,透開一寒上,他但,,
1553,散,心開一寒上,蘇旱,,
1554,但,定開一寒上,徒旱,,
1555,瓚,從開一寒上,藏旱,,
1556,笴,見開一寒上,古旱,,
1557,嬾,來開一寒上,落旱,,
1558,侃,溪開一寒上,空旱,,
1559,䍐,曉開一寒上,呼旱,,
1560,䰖,精開一寒上,作旱,,
1561,緩,匣合一寒上,胡管,,
1562,短,端合一寒上,都管,,
1563,椀,影合一寒上,烏管,,
1564,疃,透合一寒上,吐緩,,
1565,算,心合一寒上,蘇管,,
1566,管,見合一寒上,古滿,,
1567,卵,來合一寒上,盧管,,
1568,款,溪合一寒上,苦管,,
1569,煗,泥合一寒上,乃管,,
1570,纂,精合一寒上,作管,,
1571,伴,並一寒上,蒲旱,,
1572,滿,明一寒上,莫旱,,
1573,粄,幫一寒上,博管,,
1574,鄹,從合三虞上,辝（辭）纂｟短｠〈矩〉,,
1575,斷,定合一寒上,徒管,,
1576,攤,泥開一寒上,奴但,,
1577,坢,滂一寒上,普伴,,
1578,潸,生開二刪上,數板,,
1579,綰,影合二刪上,烏板,,
1580,版,幫二刪上,布綰,,
1581,䩆,莊開二刪上,側板,,
1582,赧,孃開二刪上,奴板,,
1583,僩,匣開二刪上,下赧,,
1584,睆,匣合二刪上,戶板,,
1585,阪,並二刪上,扶板,,
1586,矕,明二刪上,武板,,
1587,𪘪,崇開二刪上,士板,,
1588,𪗙,疑開二刪上,五板,,
1589,㹽,初開二刪上,初板,,
1590,眅,滂二刪上,普板,,
1591,撰,崇合二刪上,雛鯇,,
1592,產,生開二山上,所簡,,
1593,限,匣開二山上,胡簡,,
1594,𥇅,明二山上,武簡,,
1595,簡,見開二山上,古限,,
1596,剗,初開二山上,初限,,
1597,棧,崇開二山上,士限,,
1598,眼,疑開二山上,五限,,
1599,醆,莊開二山上,阻限,,
1600,㦃,初合二山上,初綰,,
1601,齦,溪開二山上,起限,,
1602,銑,心開四先上,蘇典,,
1603,腆,透開四先上,他典,,
1604,典,端開四先上,多殄,,
1605,蝘,影開四先上,於殄,,
1606,殄,定開四先上,徒典,,
1607,繭,見開四先上,古典,,
1608,峴,匣開四先上,胡典,,
1609,顯,曉開四先上,呼典,,
1610,㨠,明四先上,彌殄,,
1611,撚,泥開四先上,乃殄,,
1612,編,幫四先上,方典,,
1613,泫,匣合四先上,胡畎,,
1614,𡿨,見合四先上,姑泫,,
1615,辮,並四先上,薄泫,,
1616,犬,溪合四先上,苦泫,,
1617,𥧬,溪開四先上,牽繭,,
1618,齞,疑開四先上,研峴,,
1619,獮,心開三仙上,息淺,,
1620,演,以開三仙上,以淺,,
1621,踐,從開三仙上,慈演,,
1622,展,知開三仙上,知演,,
1623,𦗢,章開三仙上,旨善,,
1624,趁,孃開三仙上,尼展,,
1625,淺,清開三仙上,士〈七〉演,,
1626,闡,昌開三仙上,昌善,,
1627,遣,溪開三A仙上,去演,,
1628a,蹇,見開三B仙上,九輦,,蹇謇搴𢷘𠐻𦂇𡾰藆𩽜䙭
1628b,𢵈,見開三A仙上,九輦〖善〗,,𢵈
1629,善,常開三仙上,常演,,
1630,翦,精開三仙上,即淺,,
1631,蹨,日開三仙上,人善,,
1632,𦆀,邪開三仙上,徐翦,,
1633,輦,來開三仙上,力展,,
1634,齴,疑開三B仙上,魚蹇,,
1635,件,羣開三B仙上,其輦,,
1636,辯,並三B仙上,符蹇,,
1637,緬,明三A仙上,彌兗,,
1638,褊,幫三A仙上,方緬,,
1639,臇,精合三仙上,子兗,,
1640,雋,從合三仙上,徂兗,,
1641,辡,幫三B仙上,方免,,
1642,兗,以合三仙上,以轉,,
1643,臠,來合三仙上,力兗,,
1644,轉,知合三仙上,陟兗,,
1645,卷,見合三B仙上,居轉,,
1646,圈,羣合三B仙上,渠篆,,
1647,輭,日合三仙上,而兗,,
1648,舛,昌合三仙上,昌兗,,
1649,膞,常合三仙上,市兗,,
1650,篆,澄合三仙上,持兗,,
1651,剸,章合三仙上,旨兗,,
1652,選,心合三仙上,思兗,,
1653,撰,崇合三仙上,士免,,
1654,蜎,羣合三A仙上,狂兗,,
1655,蠉,曉合三A仙上,香兗,,
1656,楩,並三A仙上,符善,,
1657,免,明三B仙上,亡辨,,
1658,搌,徹開三仙上,丑善,,
1659,鴘,滂三B仙上,被〈披〉免,,
1660,㒄,書開三仙上,式善,,
1661,㫃,影開三B仙上,於蹇,,
1662,邅,澄開三仙上,除善,,
1663,棧,崇開三仙上,士免,,
1664,篠,心開四蕭上,先鳥,,
1665,皎,見開四蕭上,古了,,
1666,鳥,端開四蕭上,都了,,
1667,了,來開四蕭上,盧鳥,,
1668,朓,透開四蕭上,土了,,
1669,䥵,曉開四蕭上,馨皛,,
1670,杳,影開四蕭上,烏晈,,
1671,嬲,泥開四蕭上,奴鳥,,
1672,皛,匣開四蕭上,胡了,,
1673,窕,定開四蕭上,徒了,,
1674,磽,溪開四蕭上,苦皎,,
1675,湫,精開四蕭上,子了,,
1676,小,心開三宵上,私兆,,
1677,肈,澄開三宵上,治小,,
1678,沼,章開三宵上,之少,,
1679,夭,影開三B宵上,於兆,,
1680,巐,徹開三宵上,丑小,,
1681,少,書開三宵上,書沼,,
1682,擾,日開三宵上,而沼,,
1683,摽,並三A宵上,符少,,
1684,𪍑,昌開三宵上,尺沼,,
1685,縹,滂三A宵上,敷沼,,
1686,眇,明三A宵上,亡沼,,
1687,紹,常開三宵上,市沼,,
1688,矯,見開三B宵上,居夭,,
1689,表,幫三B宵上,陂矯,,
1690,褾,幫三A宵上,方小,,
1691,藨,並三B宵上,平表,,
1692a,鷕,以合三脂上,以沼｟小｠〈水〉,,鷕
1692b,溔,以開三宵上,以沼,,溔舀𦥨抭𩨴䁘
1693,悄,清開三宵上,親小,,
1694,剿,精開三宵上,子小,,
1695,𨲭,羣開三B宵上,巨夭,,
1696,繚,來開三宵上,力小,,
1697,麃,滂三B宵上,滂表,,
1698,闄,影開三A宵上,於小,,
1699,巧,溪開二肴上,苦絞,,
1700,澩,匣開二肴上,下巧,,
1701,飽,幫二肴上,博巧,,
1702,㺒,孃開二肴上,奴巧,,
1703,卯,明二肴上,莫飽,,
1704,絞,見開二肴上,古巧,,
1705,爪,莊開二肴上,側絞,,
1706,拗,影開二肴上,於絞,,
1707,鮑,並二肴上,薄巧,,
1708,齩,疑開二肴上,五巧,,
1709,䰫,崇開二肴上,士絞,,
1710,煼,初開二肴上,初爪,,
1711,䝤,知開二肴上,張絞,,
1712,㪢,生開二肴上,山巧,,
1713,晧,匣開一豪上,胡老,,
1714,抱,並一豪上,薄浩,,
1715,老,來開一豪上,盧晧,,
1716,討,透開一豪上,他浩,,
1717,道,定開一豪上,徒晧,,
1718,堖,泥開一豪上,奴晧,,
1719,㛮,心開一豪上,蘇老,,
1720,倒,端開一豪上,都晧,,
1721,草,清開一豪上,采老,,
1722,早,精開一豪上,子晧,,
1723,皁,從開一豪上,昨早,,
1724,暠,見開一豪上,古老,,
1725,好,曉開一豪上,呼晧,,
1726,蓩,明一豪上,武道,,
1727,寶,幫一豪上,博抱,,
1728,襖,影開一豪上,烏晧,,
1729,考,溪開一豪上,苦浩,,
1730,𦽀,疑開一豪上,五老,,
1731,哿,見開一歌上,古我,,
1732,瑳,清開一歌上,千可,,
1733,嚲,端開一歌上,丁可,,
1734,縒,心開一歌上,蘇可,,
1735,爹,定開一歌上,徒可,,
1736,我,疑開一歌上,五可,,
1737,袉,透開一歌上,吐可,,
1738,㰁,來開一歌上,來可,,
1739,橠,泥開一歌上,奴可,,
1740,荷,匣開一歌上,胡可,,
1741,㰤,曉開一歌上,虛我,,
1742,可,溪開一歌上,枯我,,
1743,𨵌,影開一歌上,烏可,,
1744,左,精開一歌上,臧可,,
1745,果,見合一歌上,古火,,
1746,埵,端合一歌上,丁果,,
1747,鎖,心合一歌上,蘇果,,
1748,墮,定合一歌上,徒果,,
1749,妥,透合一歌上,他果,,
1750,麼,明一歌上,亡果,,
1751,坐,從合一歌上,徂果,,
1752,㛂,疑合一歌上,五果,,
1753,裸,來合一歌上,郎果,,
1754,婐,影合一歌上,烏果,,
1755,㛂,泥合一歌上,奴果,,
1756,跛,幫一歌上,布火,,
1757,叵,滂一歌上,普火,,
1758,禍,匣合一歌上,胡果,,
1759,火,曉合一歌上,呼果,,
1760,顆,溪合一歌上,苦果,,
1761,爸,並一歌上,捕可,,
1762,脞,清合一歌上,倉果,,
1763,硰,清開一歌上,作｟子｠〈千〉可,,
1764,馬,明二麻上,莫下,,
1765,者,章開三麻上,章也,,
1766,野,以開三麻上,羊者,,
1767,雅,疑開二麻上,五下,,
1768,檟,見開二麻上,古疋,,
1769,灑,生開二麻上,砂（沙）下,,
1770,啞,影開二麻上,烏下,,
1771,灺,邪開三麻上,徐野,,
1772,下,匣開二麻上,胡雅,,
1773,寫,心開三麻上,悉姐,,
1774,𡎬,莊合二麻上,𩛠瓦,,
1775,乜,明三A麻上,彌也,,
1776,且,清開三麻上,七也,,
1777,㗿,曉開二麻上,許下,,
1778,社,常開三麻上,常者,,
1779,跒,溪開二麻上,苦下,,
1780,跁,並二麻上,傍下,,
1781,捨,書開三麻上,書冶,,
1782,姐,精開三麻上,兹野,,
1783,把,幫二麻上,博下,,
1784,踝,匣合二麻上,胡瓦,,
1785,寡,見合二麻上,古瓦,,
1786,瓦,疑合二麻上,五寡,,
1787,若,日開三麻上,人者,,
1788,鮓,莊開二麻上,側下,,
1789,觰,知開二麻上,都賈,,
1790,槎,崇開二麻上,士下,,
1791,奲,昌開三麻上,昌者,,
1792,䋾,知開二麻上,竹下,,
1793,䋈,孃開二麻上,奴下,,
1794,髁,溪合二麻上,苦瓦,,
1795,䂳,初合二麻上,叉瓦,,
1796,䊬,徹合二麻上,丑寡,,
1797,葰,生合二麻上,沙瓦,,
1798,奼,徹開二麻上,丑下,,
1799,藞,來開二麻上,盧下,,
1800,養,以開三陽上,餘兩,,
1801,像,邪開三陽上,徐兩,,
1802,㢡,精開三陽上,即兩,,
1803,㒳,來開三陽上,良㢡,,
1804,鞅,影開三C陽上,於兩,,
1805,勥,羣開三C陽上,其兩,,
1806,仰,疑開三C陽上,魚兩,,
1807,磢,初開三陽上,初兩,,
1808,想,心開三陽上,息兩,,
1809,掌,章開三陽上,諸兩,,
1810,𤕤,生開三陽上,疎兩,,
1811,響,曉開三C陽上,許兩,,
1812,敞,昌開三陽上,昌兩,,
1813,繈,見開三C陽上,居兩,,
1814,丈,澄開三陽上,直兩,,
1815,昶,徹開三陽上,丑兩,,
1816,獷,見合三C陽上,居往,,
1817,壤,日開三陽上,如兩,,
1818,賞,書開三陽上,書兩,,
1819,髣,滂三C陽上,妃兩,,
1820,网,明三C陽上,文兩,,
1821,昉,幫三C陽上,分网,,
1822,枉,影合三C陽上,紆往,,
1823,往,云合三C陽上,于兩,,
1824,怳,曉合三C陽上,許昉,,
1825,搶,清開三陽上,七兩,,
1826,長,知開三陽上,知丈,,
1827,上,常開三陽上,時掌,,
1828,俇,羣合三C陽上,求往,,
1829,臩,見合三C陽上,俱往,,
1830,𩦠,並三A宵平,毗養｟兩｠〈霄〉,,
1831,䫪,初開三陽上,初丈,,
1832,蕩,定開一唐上,徒朗,,
1833,顙,心開一唐上,蘇朗,,
1834,廣,見合一唐上,古晃,,
1835,榜,幫一唐上,北朗,,
1836,駔,精開一唐上,子朗,,
1837,曩,泥開一唐上,奴朗,,
1838,沆,匣開一唐上,胡朗,,
1839,曭,透開一唐上,他朗,,
1840,莽,明一唐上,模朗,,
1841,黨,端開一唐上,多朗,,
1842,朗,來開一唐上,盧黨,,
1843,坱,影開一唐上,烏朗,,
1844,慷,溪開一唐上,苦朗,,
1845,㳹,影合一唐上,烏晃,,
1846,晃,匣合一唐上,胡廣,,
1847,髈,滂一唐上,匹朗,,
1848,慌,曉合一唐上,呼晃,,
1849,䴚,見開一唐上,各朗,,
1850,䭹,疑開一唐上,五朗,,
1851,奘,從開一唐上,徂朗,,
1852,蒼,清開一唐上,麁朗,,
1853,汻,曉開一唐上,呼朗,,
1854,懬,溪合一唐上,丘晃,,
1855,梗,見開二庚上,古杏,,
1856,丙,幫三B庚上,兵永,,
1857,警,見開三B庚上,居影,,
1858,影,影開三B庚上,於丙,,
1859,省,生開三庚上,所景,,
1860,永,云合三B庚上,于憬,,
1861,𦬺,曉合三B庚上,許永,,
1862,皿,明三B庚上,武永,,
1863,憬,見合三B庚上,俱永,,
1864,杏,匣開二庚上,何梗,,
1865,猛,明二庚上,莫幸〖杏〗,,
1866,礦,見合二庚上,古猛,,
1867,浜,幫二庚上,布梗,,
1868,盯,知開二庚上,張梗,,
1869,瑒,澄開二庚上,徒杏,,
1870,䁝,影合二庚上,烏猛,,
1871,打,端開二庚上,德冷,,
1872,冷,來開二庚上,魯打,,
1873,卝,匣合二庚上,呼〈乎〉䁝,,
1874,鮩,並二庚上,蒲猛,,
1875,𥉁,溪合二庚上,苦礦,,
1876,檸,孃開二庚上,拏梗,,
1877,耿,見開二耕上,古幸,,
1878,䁅,明二耕上,武幸,,
1879,幸,匣開二耕上,胡耿,,
1880,𠊧,並二耕上,蒲幸,,
1881,皏,滂二耕上,普幸,,
1882,靜,從開三清上,疾郢,,
1883,整,章開三清上,之郢,,
1884,逞,徹開三清上,丑郢,,
1885,郢,以開三清上,以整,,
1886,痙,羣開三A清上,巨郢,,
1887,潁,以合三清上,餘頃,,
1888,領,來開三清上,良郢,,
1889,頸,見開三A清上,居郢,,
1890,餅,幫三A清上,必郢,,
1891,頃,溪合三A清上,去潁,,
1892,井,精開三清上,子郢,,
1893,廮,影開三A清上,於郢,,
1894,請,清開三清上,七靜,,
1895,省,心開三清上,息井,,
1896,眳,明三A清上,亡井,,
1897,徎,澄開三清上,丈井,,
1898,迥,匣合四青上,戶頂,,
1899,熲,見合四青上,古迥,,
1900,茗,明四青上,莫迥,,
1901,頂,端開四青上,都挺,,
1902,挺,定開四青上,徒鼎,,
1903,珽,透開四青上,他鼎,,
1904,汫,從開四青上,徂醒,,
1905,濙,影合四青上,烏迥,,
1906,謦,溪開四青上,去挺,,
1907,𩕳,泥開四青上,乃挺,,
1908,婞,匣開四青上,胡頂,,
1909,醒,心開四青上,蘇挺,,
1910,鞞,幫四青上,補鼎,,
1911,褧,溪合四青上,口迥,,
1912,剄,見開四青上,古挺,,
1913,頩,滂四青上,匹迥,,
1914,巊,影開四青上,烟（煙）涬,,
1915,笭,來開四青上,力鼎,,
1916,竝,並四青上,蒲迥,,
1917,詗,曉合四青上,火迥,,
1918,䀴,疑開四青上,五剄,,
1919,拯,章開三蒸上,,蒸上聲,
1920,庱,徹開三蒸上,丑拯,,
1921,殑,羣開三C蒸上,其拯,,
1922,㱡,生開三蒸上,色庱,,
1923,等,端開一登上,多肯,,
1924,倗,滂一登上,普等,,
1925,肯,溪開一登上,苦等,,
1926,能,泥開一登上,奴等,,
1927,有,云三C尤上,云久,,
1928,柳,來三尤上,力久,,
1929,狃,孃三尤上,女久,,
1930,丑,徹三尤上,敕久,,
1931,肘,知三尤上,陟柳,,
1932,朽,曉三C尤上,許久,,
1933,久,見三C尤上,舉有,,
1934,首,書三尤上,書九,,
1935,醜,昌三尤上,昌九,,
1936,湫,從三尤上,在九,,
1937,婦,並三C尤上,房久,,
1938,缶,幫三C尤上,方久,,
1939,糗,溪三C尤上,去久,,
1940,蹂,日三尤上,人九,,
1941,舅,羣三C尤上,其九,,
1942,紂,澄三尤上,除柳,,
1943,酉,以三尤上,與久,,
1944,受,常三尤上,殖酉,,
1945,滫,心三尤上,息有,,
1946,䬀,影三C尤上,於柳,,
1947,酒,精三尤上,子酉,,
1948,溲,生三尤上,疎有,,
1949,帚,章三尤上,之九,,
1950,㤱,滂三C尤上,芳否,,
1951,掫,莊三尤上,側九,,
1952,𥣙,崇三尤上,士九,,
1953,𩋄,初三尤上,初九,,
1954,秠,滂三C尤上,芳婦,,
1955,厚,匣一侯上,胡口,,
1956,母,明一侯上,莫厚,,
1957,部,並一侯上,蒲口,,
1958,斗,端一侯上,當口,,
1959,𪌘,透一侯上,天口,,
1960,苟,見一侯上,古厚,,
1961,藕,疑一侯上,五口,,
1962,㨐,幫一侯上,方垢,,
1963,㝅,泥一侯上,乃后,,
1964,叜,心一侯上,蘇后,,
1965,吼,曉一侯上,呼后,,
1966,剖,滂一侯上,普后,,
1967,歐,影一侯上,烏后,,
1968,塿,來一侯上,郎斗,,
1969,走,精一侯上,子苟,,
1970,口,溪一侯上,苦后,,
1971,䕆,定一侯上,徒口,,
1972,鯫,從一侯上,仕垢,,
1973,趣,清一侯上,倉苟,,
1974,黝,影開三A幽上,於糾,,
1975,糾,見開三A幽上,居黝,,
1976,蟉,羣開三A幽上,渠黝,,
1977,寑,清開三侵上,七稔,,
1978,朕,澄開三侵上,直稔,,
1979,坅,溪開三B侵上,丘甚,,
1980,廩,來開三侵上,力稔,,
1981,罧,心開三侵上,斯甚,,
1982,踸,徹開三侵上,丑甚,,
1983,䤐,精開三侵上,子朕,,
1984,荏,日開三侵上,如甚,,
1985,枕,章開三侵上,章荏,,
1986,沈,書開三侵上,式任〈荏〉,,
1987,葚,船開三侵上,食荏,,
1988,甚,常開三侵上,常枕,,
1989,瀋,昌開三侵上,昌枕,,
1990,墋,初開三侵上,初朕,,
1991,拰,孃開三侵上,尼凜,,
1992,噤,羣開三B侵上,渠飲,,
1993,錦,見開三B侵上,居飲,,
1994,蕈,從開三侵上,慈荏,,
1995,僸,疑開三B侵上,牛錦,,
1996,㾕,生開三侵上,疎錦,,
1997,稟,幫三B侵上,筆錦,,
1998,㱃,影開三B侵上,於錦,,
1999,品,滂三B侵上,丕飲,,
2000,𩖄,溪開三B侵上,欽錦,,
2001,廞,曉開三B侵上,許錦,,
2002,戡,知開三侵上,張甚,,
2003,潭,以開三侵上,以荏,,
2004,𩒣,溪開三B侵上,士｟仕｠〈丘〉㾕,,
2005,感,見開一覃上,古禫,,
2006,禫,定開一覃上,徒感,,
2007,晻,影開一覃上,烏感,,
2008,腩,泥開一覃上,奴感,,
2009,襑,透開一覃上,他感,,
2010,歜,從開一覃上,徂感,,
2011,慘,清開一覃上,七感,,
2012,顉,疑開一覃上,五感,,
2013,昝,精開一覃上,子感,,
2014,糂,心開一覃上,桑感,,
2015,坎,溪開一覃上,苦感,,
2016,頷,匣開一覃上,胡感,,
2017,壈,來開一覃上,盧感,,
2018,黕,端開一覃上,都感,,
2019,䫲,曉開一覃上,呼唵,,
2020,敢,見開一談上,古覽,,
2021,㶒,書開三鹽上,賞敢,,
2022,覽,來開一談上,盧敢,,
2023,𦵹,透開一談上,吐敢,,
2024,膽,端開一談上,都敢,,
2025,噉,定開一談上,徒敢,,
2026,黲,清開一談上,倉敢,,
2027,㛧,明一談上,謨敢,,
2028,䭕,精開一談上,子敢,,
2029,槧,從開一談上,才敢,,
2030,喊,曉開一談上,呼覽,,
2031,埯,影開一談上,烏敢,,
2032,𠪚,溪開一談上,口敢,,
2033,琰,以開三鹽上,以冉,,
2034,斂,來開三鹽上,良冉,,
2035,險,曉開三B鹽上,虛檢,,
2036,貶,幫三B鹽上,方斂,,
2037,颭,章開三鹽上,占琰,,
2038,𩑳,溪開三B鹽上,丘檢,,
2039,顩,疑開三B鹽上,魚檢,,
2040,儉,羣開三B鹽上,巨險,,
2041,檢,見開三B鹽上,居奄,,
2042,黶,影開三A鹽上,於琰,,
2043,冉,日開三鹽上,而琰,,
2044,陝,書開三鹽上,失冉,,
2045,諂,徹開三鹽上,丑琰,,
2046,奄,影開三B鹽上,衣儉,,
2047,漸,從開三鹽上,慈染,,
2048,憸,清開三鹽上,七漸,,
2049,𩟗,精開三鹽上,子冉,,
2050,脥,溪開三A鹽上,謙琰,,
2051,剡,常開三鹽上,時染,,
2052,忝,透開四添上,他玷,,
2053,淰,泥開四添上,乃玷,,
2054,點,端開四添上,多忝,,
2055,簟,定開四添上,徒玷,,
2056,嗛,溪開四添上,苦簟,,
2057,稴,來開四添上,力忝,,
2058,鼸,匣開四添上,胡忝,,
2059,憯,清開四添上,青忝,,
2060,孂,見開三A幽上,兼｟居｠玷｟點｠〈黝〉,,
2061,𡕢,明四添上,明忝,,
2062,儼,疑開三C嚴上,魯〈魚〉掩〈埯〉,,
2063,欦,溪開三C嚴上,丘广,,
2064,埯,影開三C嚴上,於广,,
2065,豏,匣開二咸上,下斬,,
2066,湛,澄開二咸上,徒減,,
2067,㦿,溪開二咸上,苦減,,
2068,鹼,見開二咸上,古斬,,
2069,瀺,崇開二咸上,士減,,
2070,臉,來開二咸上,力減,,
2071,斬,莊開二咸上,側減,,
2072,䑎,初開二咸上,初減,,
2073,鬫,曉開二咸上,火斬,,
2074,摻,生開二咸上,所斬,,
2075,黯,影開二咸上,乙減,,
2076,喊,曉開二咸上,呼豏,,
2077,𦊔,孃開二咸上,女減,,
2078,𠐩,徹開二咸上,丑減,,
2079,檻,匣開二銜上,胡黤,,
2080,䫡,溪開二銜上,丘檻,,
2081,㨻,生開二銜上,山檻,,
2082,黤,影開二銜上,於檻,,
2083,醶,初開二銜上,初檻,,
2084,㺖,曉開二銜上,荒檻,,
2085,巉,崇開二銜上,仕檻,,
2086,范,並三C凡上,防錽,,
2087,錽,明三C凡上,亡范,,
2088,𦜒,幫三C凡上,府犯,,
2089,凵,溪開三C嚴上,丘犯,,
2090,釩,滂三C凡上,峯犯,,
2091,𠑆,徹開三嚴上,丑犯,,
2092,送,心一東去,蘇弄,,
2093,鳳,並三C東去,馮貢,,
2094,貢,見一東去,古送,,
2095,弄,來一東去,盧貢,,
2096,涷,端一東去,多貢,,
2097,控,溪一東去,苦貢,,
2098,糉,精一東去,作弄,,
2099,瓮,影一東去,烏貢,,
2100,謥,清一東去,千弄,,
2101,洞,定一東去,徒弄,,
2102,痛,透一東去,他貢,,
2103,仲,澄三東去,直眾,,
2104,諷,幫三C東去,方鳳,,
2105,焪,溪三C東去,去仲,,
2106,㝱,明三C東去,莫鳳,,
2107,𧽒,曉三C東去,香仲,,
2108,𢄐,明一東去,莫弄,,
2109,趥,清三東去,子〈千〉仲,,
2110,賵,滂三C東去,撫鳳,,
2111,𣀒,從一東去,徂送,,
2112,中,知三東去,陟仲,,
2113,哄,匣一東去,胡貢,,
2114,齈,泥一東去,奴凍,,
2115,眾,章三東去,之仲,,
2116,銃,昌三東去,充仲,,
2117,㓽,崇三東去,仕仲,,
2118,烘,曉一東去,呼貢,,
2119,宋,心一冬去,蘇統,,
2120,綜,精一冬去,子宋,,
2121,統,透一冬去,他綜,,
2122,雺,明一冬去,莫綜,,
2123,䃔,匣一冬去,乎宋,,
2124,用,以三鍾去,余頌,,
2125,頌,邪三鍾去,似用,,
2126,俸,並三C鍾去,扶用,,
2127,共,羣三C鍾去,渠用,,
2128,葑,幫三C鍾去,方用,,
2129,供,見三C鍾去,居用,,
2130,雍,影三C鍾去,於用,,
2131,湩,知三鍾去,竹用,,
2132,縱,精三鍾去,子用,,
2133,蹱,徹三鍾去,丑用,,
2134,䩸,日三鍾去,而用,,
2135,種,章三鍾去,之用,,
2136,重,澄三鍾去,柱用,,
2137,贚,來三鍾去,良用,,
2138,恐,溪三C鍾去,區用,,
2139,從,從三鍾去,疾用,,
2140,𢫨,孃三鍾去,穠用,,
2141,絳,見二江去,古巷,,
2142,巷,匣二江去,胡絳,,
2143,戇,知二江去,陟降,,
2144,䡴,澄二江去,直絳,,
2145,𥈄,徹二江去,丑絳,,
2146,漴,崇二江去,士絳,,
2147,肨,滂二江去,匹絳,,
2148,䎫,初二江去,楚絳,,
2149,淙,生二江去,色絳,,
2150,寘,章開三支去,支義,,
2151,避,並三A支去,毗義,,
2152,惴,章合三支去,之睡,,
2153,詈,來開三支去,力智,,
2154,豉,常開三支去,是義,,
2155,積,精開三支去,子智,,
2156,賜,心開三支去,斯義,,
2157,爲,云合三B支去,于僞,,
2158,䞈,見合三B支去,詭僞,,
2159,帔,滂三B支去,披義,,
2160,賁,幫三B支去,彼義,,
2161,髲,並三B支去,平義,,
2162,累,來合三支去,良僞,,
2163,寄,見開三B支去,居義,,
2164,臂,幫三A支去,卑義,,
2165,芰,羣開三B支去,奇寄,,
2166,刺,清開三支去,七賜,,
2167,易,以開三支去,以豉,,
2168,議,疑開三B支去,宜寄,,
2169,譬,滂三A支去,匹賜,,
2170,漬,從開三支去,疾智,,
2171,智,知開三支去,知義,,
2172,倚,影開三B支去,於義,,
2173,縋,澄合三支去,馳僞,,
2174,吹,昌合三支去,尺僞,,
2175,戲,曉開三B支去,香義,,
2176,企,溪開三A支去,去智,,
2177,縊,影開三A支去,於賜,,
2178,翅,書開三支去,施智,,
2179,屣,生開三支去,所寄,,
2180,觖,溪合三A支去,窺瑞,,
2181,餧,影合三B支去,於僞,,
2182,僞,疑合三B支去,危睡,,
2183,毀,曉合三B支去,況僞,,
2184,恚,影合三A支去,於避,,
2185,睡,常合三支去,是僞,,
2186,馶,見開三A支去,居企,,
2187,䄲,日合三支去,而瑞,,
2188,卶,昌開三支去,充豉,,
2189,䅗,心合三支去,思累,,
2190,娷,知合三支去,竹恚,,
2191,瓗,以合三支去,以睡,,
2192,諉,孃合三支去,女恚,,
2193,瞡,見合三A支去,規恚,,
2194,𧙁,莊開三支去,爭義,,
2195,孈,曉合三A支去,呼恚,,
2196,㞆,溪開三B支去,卿義,,
2197,至,章開三脂去,脂利,,
2198,位,云合三B脂去,于愧,,
2199,郿,明三B脂去,明祕,,
2200,遂,邪合三脂去,徐醉,,
2201,醉,精合三脂去,將遂,,
2202,邃,心合三脂去,雖遂,,
2203,類,來合三脂去,力遂,,
2204,祕,幫三B脂去,兵媚,,
2205,匱,羣合三B脂去,求位,,
2206,濞,滂三B脂去,匹備,,
2207,備,並三B脂去,平祕,,
2208,媿,見合三B脂去,俱位,,
2209,帥,生合三脂去,所類,,
2210,喟,溪合三B脂去,丘愧,,
2211,豷,曉合三B脂去,許位,,
2212,嗜,常開三脂去,常利,,
2213,利,來開三脂去,力至,,
2214,膩,孃開三脂去,女利,,
2215,屁,滂三A脂去,匹寐,,
2216,劓,疑開三B脂去,魚器,,
2217,致,知開三脂去,陟利,,
2218,棄,溪開三A脂去,詰利,,
2219,緻,澄開三脂去,直利,,
2220,寐,明三A脂去,彌二,,
2221,杘,徹開三脂去,丑利,,
2222,冀,見開三B脂去,几利,,
2223,臮,羣開三B脂去,具冀,,
2224,悸,羣合三A脂去,其季,,
2225,翠,清合三脂去,七醉,,
2226,二,日開三脂去,而至,,
2227,恣,精開三脂去,資四,,
2228,次,清開三脂去,七四,,
2229,懿,影開三B脂去,乙冀,,
2230,四,心開三脂去,息利,,
2231,器,溪開三B脂去,去冀,,
2232,季,見合三A脂去,居悸,,
2233,鼻,並三A脂去,毗至,,
2234,䁤,曉合三A脂去,香季,,
2235,痹,幫三A脂去,必至,,
2236,萃,從合三脂去,秦醉,,
2237,地,定開四脂去,徒四,,
2238,齂,曉開三B脂去,虛器,,
2239,肄,以開三脂去,羊至,,
2240,示,船開三脂去,神至,,
2241,自,從開三脂去,疾二,,
2242,墜,澄合三脂去,直類,,
2243,出,昌合三脂去,尺類,,
2244,遺,以合三脂去,以醉,,
2245,侐,曉合三A脂去,火季,,
2246,轛,知合三脂去,追萃,,
2247,痓,昌開三脂去,充自,,
2248,屍,書開三脂去,矢利,,
2249,㿷,初合三脂去,楚愧,,
2250,㽷,書合三脂去,釋類,,
2251,志,章開三之去,職吏,,
2252,值,澄開三之去,直吏,,
2253,寺,邪開三之去,祥吏,,
2254,蛓,清開三之去,七吏,,
2255,笥,心開三之去,相吏,,
2256,試,書開三之去,式吏,,
2257,胾,莊開三之去,側吏,,
2258,吏,來開三之去,力置,,
2259,字,從開三之去,疾置,,
2260,眙,徹開三之去,丑吏,,
2261,餌,日開三之去,仍吏,,
2262,駛,生開三之去,疎吏,,
2263,廁,初開三之去,初吏,,
2264,異,以開三之去,羊吏,,
2265,置,知開三之去,陟吏,,
2266,侍,常開三之去,時吏,,
2267,事,崇開三之去,鉏吏,,
2268,忌,羣開三C之去,渠記,,
2269,熾,昌開三之去,昌志,,
2270,意,影開三C之去,於記,,
2271,記,見開三C之去,居吏,,
2272,憙,曉開三C之去,許記,,
2273,䰯,疑開三C之去,魚記,,
2274,亟,溪開三C之去,去吏,,
2275,未,明三C微去,無沸,,
2276,貴,見合三C微去,居胃,,
2277,胃,云合三C微去,于貴,,
2278,魏,疑合三C微去,魚貴,,
2279,沸,幫三C微去,方味,,
2280,費,滂三C微去,芳未,,
2281,𥽂,溪合三C微去,丘畏,,
2282,尉,影合三C微去,於胃,,
2283,諱,曉合三C微去,許貴,,
2284,𥝋,並三C微去,扶涕〈沸〉,,
2285,既,見開三C微去,居豙,,
2286,毅,疑開三C微去,魚既,,
2287,氣,溪開三C微去,去既,,
2288,欷,曉開三C微去,許既,,
2289,䤒,羣開三C微去,其既,,
2290,衣,影開三C微去,於既,,
2291,御,疑開三C魚去,牛倨,,
2292,慮,來開三魚去,良倨,,
2293,據,見開三C魚去,居御,,
2294,覰,清開三魚去,七慮,,
2295,㰦,溪開三C魚去,近〈丘〉倨,,
2296,署,常開三魚去,常恕,,
2297,恕,書開三魚去,商署,,
2298,著,知開三魚去,陟慮,,
2299,䬡,章開三魚去,章恕,,
2300,疏,生開三魚去,所去,,
2301,飫,影開三C魚去,依倨,,
2302,箸,澄開三魚去,遟倨,,
2303,遽,羣開三C魚去,其據,,
2304,絮,心開三魚去,息據,,
2305,助,崇開三魚去,牀據,,
2306,怚,精開三魚去,將預,,
2307,詛,莊開三魚去,莊助,,
2308,洳,日開三魚去,人恕,,
2309,豫,以開三魚去,羊洳,,
2310,噓,曉開三C魚去,許御,,
2311,女,孃開三魚去,尼據,,
2312,楚,初開三魚去,瘡（創）據,,
2313,處,昌開三魚去,昌據,,
2314,絮,徹開三魚去,抽據,,
2315,𡱣,邪開三魚去,徐預,,
2316,遇,疑合三C虞去,牛具,,
2317,嫗,影合三C虞去,衣遇,,
2318,樹,常合三虞去,常句,,
2319,住,澄合三虞去,持遇,,
2320,附,並三C虞去,符遇,,
2321,注,章合三虞去,之戍,,
2322,屨,見合三C虞去,九遇,,
2323,昫,曉合三C虞去,香句,,
2324,戍,書合三虞去,傷遇,,
2325,裕,以合三虞去,羊戍,,
2326,孺,日合三虞去,而遇,,
2327,赴,滂三C虞去,芳遇,,
2328,務,明三C虞去,亡遇,,
2329,緅,精合三虞去,子句,,
2330,懼,羣合三C虞去,其遇,,
2331,芋,云合三C虞去,王遇,,
2332,埾,從合三虞去,才句,,
2333,捒,生合三虞去,色句,,
2334,付,幫三C虞去,方遇,,
2335,娶,清合三虞去,七句,,
2336,註,知合三虞去,中句,,
2337,驅,溪合三C虞去,區遇,,
2338,菆,初合三虞去,芻注,,
2339,𨳳,徹合三虞去,丑注,,
2340,尠,心合三虞去,思句,,
2341,屢,來合三虞去,良遇,,
2342,暮,明一模去,莫故,,
2343,渡,定一模去,徒故,,
2344,路,來一模去,洛故,,
2345,妒,端一模去,當故,,
2346,菟,透一模去,湯故,,
2347,顧,見一模去,古暮,,
2348,誤,疑一模去,五故,,
2349,護,匣一模去,胡誤,,
2350,訴,心一模去,桑故,,
2351,祚,從一模去,昨誤,,
2352,笯,泥一模去,乃故,,
2353,布,幫一模去,博故,,
2354,汙,影一模去,烏路,,
2355,怖,滂一模去,普故,,
2356,厝,清一模去,倉故,,
2357,絝,溪一模去,苦故,,
2358,捕,並一模去,薄故,,
2359,謼,曉一模去,荒故,,
2360,作,精一模去,臧𧙓〈祚〉,,
2361,霽,精開四齊去,子計,,
2362,帝,端開四齊去,都計,,
2363,嚌,從開四齊去,在詣,,
2364,替,透開四齊去,他計,,
2365,第,定開四齊去,特計,,
2366,砌,清開四齊去,七計,,
2367,細,心開四齊去,蘇計,,
2368,詣,疑開四齊去,五計,,
2369,計,見開四齊去,古詣,,
2370,蒵,匣開四齊去,胡計,,
2371,契,溪開四齊去,苦計,,
2372,翳,影開四齊去,於計,,
2373,謎,明四齊去,莫計,,
2374,閉,幫四齊去,博計,,
2375,慧,匣合四齊去,胡桂,,
2376,桂,見合四齊去,古惠,,
2377,嘒,曉合四齊去,呼惠,,
2378,媲,滂四齊去,匹詣,,
2379,薜,並四齊去,蒲計,,
2380,麗,來開四齊去,郎計,,
2381,𥱻,徹開三魚平,丑戾〈居〉,,
2382,泥,泥開四齊去,奴計,,
2383,㰥,曉開四齊去,呼計,,
2384,祭,精開三祭去,子例,,
2385,歲,心合三祭去,相銳,,
2386,衛,云合三B祭去,于歲,,
2387,芮,日合三祭去,而銳,,
2388,贅,章合三祭去,之芮,,
2389,𠻜,生合三祭去,山芮,,
2390,毳,清合三祭去,此芮,,
2391,銳,以合三祭去,以芮,,
2392,綴,知合三祭去,陟衛,,
2393,稅,書合三祭去,舒芮,,
2394,弊,並三A祭去,毗祭,,
2395,㯔,初合三祭去,楚稅,,
2396,篲,邪合三祭去,祥歲,,
2397,蔽,幫三A祭去,必袂,,
2398,劌,見合三B祭去,居衛,,
2399,袂,明三A祭去,彌弊,,
2400,㡜,生開三祭去,所例,,
2401,掣,昌開三祭去,尺制,,
2402,制,章開三祭去,征例,,
2403,逝,常開三祭去,時制,,
2404,曳,以開三祭去,餘制,,
2405,䋵,影開三B祭去,於罽,,
2406,藝,疑開三A祭去,魚祭,,
2407,滯,澄開三祭去,直例,,
2408,例,來開三祭去,力制,,
2409,憩,溪開三B祭去,去例,,
2410,世,書開三祭去,舒制,,
2411,猘,見開三B祭去,居例,,
2412,㿃,知開三祭去,竹例,,
2413,偈,羣開三B祭去,其憩,,
2414,啜,常合三祭去,嘗芮,,
2415,跇,徹開三祭去,丑例,,
2416,𨧨,澄合三祭去,除芮,,
2417,㓷,疑開三B祭去,牛例,,
2418,蕝,精合三祭去,子芮,,
2419,潎,滂三A祭去,匹蔽,,
2420,𥏙,溪合三C廢去,丘吠,,
2421,䂕,曉合三C廢去,呼吠,,
2422,泰,透開一泰去,他蓋,,
2423,蓋,見開一泰去,古太,,
2424,艾,疑開一泰去,五蓋,,
2425,藹,影開一泰去,於蓋,,
2426,柰,泥開一泰去,奴帶,,
2427,大,定開一泰去,徒蓋,,
2428,害,匣開一泰去,胡蓋,,
2429,帶,端開一泰去,當蓋,,
2430,貝,幫一泰去,博蓋,,
2431,霈,滂一泰去,普蓋,,
2432,會,匣合一泰去,黃外,,
2433,兌,定合一泰去,杜外,,
2434,儈,見合一泰去,古外,,
2435,最,精合一泰去,祖外,,
2436,𧬨,曉合一泰去,呼會,,
2437,𥢶,溪合一泰去,苦會,,
2438,酹,來合一泰去,郎外,,
2439,外,疑合一泰去,五會,,
2440,祋,端合一泰去,丁外,,
2441,懀,影合一泰去,烏外,,
2442,蕞,從合一泰去,才外,,
2443,𥕸,心合一泰去,先外,,
2444,襊,清合一泰去,麤最,,
2445,旆,並一泰去,蒲蓋,,
2446,磕,溪開一泰去,苦蓋,,
2447,蔡,清開一泰去,倉大,,
2448,賴,來開一泰去,落蓋,,
2449,餀,曉開一泰去,呼艾,,
2450,娧,透合一泰去,他外,,
2451,眜,明一泰去,莫貝,,
2452,𦦣,清合一泰去,七外,,
2453,卦,見合二佳去,古賣,,
2454,懈,見開二佳去,古隘,,
2455,隘,影開二佳去,烏懈,,
2456,邂,匣開二佳去,胡懈,,
2457,賣,明二佳去,莫懈,,
2458,畫,匣合二佳去,胡卦,,
2459,差,初開二佳去,楚懈,,
2460,睚,疑開二佳去,五懈,,
2461,謑,曉開二佳去,火懈,,
2462,𢈕,幫二佳去,方卦,,
2463,粺,並二佳去,傍卦,,
2464,㾹,崇開二佳去,七〈士〉懈,,
2465,派,滂二佳去,匹卦,,
2466,債,莊開二佳去,側賣,,
2467,𡢖,溪開二佳去,苦賣,,
2468,曬,生開二佳去,所賣,,
2469,諣,曉合二佳去,呼卦,,
2470,㠔,幫二佳去,方賣,,
2471,膪,知開二佳去,竹賣,,
2472,怪,見合二皆去,古壞,,
2473,噫,影開二皆去,烏界,,
2474,瘵,莊開二皆去,側界,,
2475,誡,見開二皆去,古拜,,
2476,褹,孃開二皆去,女介,,
2477,譮,曉開二皆去,許介,,
2478,械,匣開二皆去,胡介,,
2479,𦗐,疑開二皆去,五介,,
2480,蒯,溪合二皆去,苦怪,,
2481,𢷎,幫二皆去,博怪,,
2482,湃,滂二皆去,普拜,,
2483,壞,匣合二皆去,胡怪,,
2484,聵,疑合二皆去,五怪,,
2485,𢞎,並二皆去,蒲拜,,
2486,䀛,明二皆去,莫拜,,
2487,𧱳,曉合二皆去,火怪,,
2488,鎩,生開二皆去,所拜,,
2489,烗,溪開二皆去,苦戒,,
2490,顡,知合二皆去,他〈迍〉怪,,
2491,夬,見合二夬去,古賣〖邁〗,,
2492,快,溪合二夬去,苦夬,,
2493,邁,明二夬去,莫話,,
2494,話,匣合二夬去,下快,,
2495,敗,並二夬去,薄邁,,
2496,䵳,影合二夬去,烏快,,
2497,嘬,初合二夬去,楚夬,,
2498,犗,見開二夬去,古喝,,
2499,蠆,徹開二夬去,丑犗,,
2500,喝,影開二夬去,於犗,,
2501,𠱡,生開二夬去,所犗,,
2502,𦤧,澄開二夬去,除邁,,
2503,䜕,曉開二夬去,火犗,,
2504,咶,曉合二夬去,火夬,,
2505,敗,幫二夬去,補邁,,
2506,啐,初合二夬去,倉夬,,
2507,寨,崇開二夬去,犲（豺）夬,,
2508,㕢,匣開二夬去,何犗,,
2509,隊,定合一灰去,徒對,,
2510,佩,並一灰去,蒲昧,,
2511,妹,明一灰去,莫佩,,
2512,配,滂一灰去,滂佩,,
2513,誨,曉合一灰去,荒內,,
2514,對,端合一灰去,都隊,,
2515,倅,清合一灰去,七內,,
2516,晬,精合一灰去,子對,,
2517,𩲄,影合一灰去,烏繢,,
2518,退,透合一灰去,他內,,
2519,憒,見合一灰去,古對,,
2520,潰,匣合一灰去,胡對,,
2521,塊,溪合一灰去,苦對,,
2522,碎,心合一灰去,蘇內,,
2523,內,泥合一灰去,奴對,,
2524,纇,來合一灰去,盧對,,
2525,背,幫一灰去,補妹,,
2526,磑,疑合一灰去,五對,,
2527,蚚,匣合一灰去,胡輩,,
2528,代,定開一咍去,徒耐,,
2529,載,精開一咍去,作代,,
2530,䆀,明一灰去,莫代,,
2531,賽,心開一咍去,先代,,
2532,貸,透開一咍去,他代,,
2533,溉,見開一咍去,古代,,
2534,慨,溪開一咍去,苦蓋〖愛〗,,
2535,礙,疑開一咍去,五溉,,
2536,愛,影開一咍去,烏代,,
2537,瀣,匣開一咍去,胡槩,,
2538,耐,泥開一咍去,奴代,,
2539,戴,端開一咍去,都代,,
2540,賚,來開一咍去,洛代,,
2541,菜,清開一咍去,倉代,,
2542,載,從開一咍去,昨代,,
2543,儗,曉開一咍去,海愛,,
2544,廢,幫三C廢去,方肺,,
2545,肺,滂三C廢去,方〈芳〉廢,,
2546,穢,影合三C廢去,於廢,,
2547,吠,並三C廢去,符廢,,
2548,喙,曉合三C廢去,許穢,,
2549,𤜂,羣合三C廢去,渠穢,,
2550,刈,疑開三C廢去,魚肺,,
2551,震,章開三真去,章刃,,
2552,信,心開三真去,息晉,,
2553,刃,日開三真去,而振,,
2554,胤,以開三真去,羊晉,,
2555,遴,來開三真去,良刃,,
2556,儐,幫三A真去,必刃,,
2557,敶,澄開三真去,直刃,,
2558,慎,常開三真去,時刃,,
2559,眒,書開三真去,試刃,,
2560,菣,溪開三A真去,去刃,,
2561,賮,從開三真去,徐〖疾〗刃,,
2562,憖,疑開三B真去,魚覲,,
2563,晉,精開三真去,即刃,,
2564,衅,曉開三B真去,許覲,,
2565,鎮,知開三真去,陟刃,,
2566,僅,羣開三B真去,渠遴,,
2567,櫬,初開三臻去,初覲,,
2568,印,影開三A真去,於刃,,
2569,疢,徹開三真去,丑刃,,
2570,𣎳,滂三A真去,匹刃,,
2571,親,清開三真去,七遴,,
2572,螼,溪開三A真去,羌印,,
2573,呁,見合三A真去,九峻,,
2574,稕,章合三真去,之閏,,
2575,𡺲,心合三真去,私閏,,
2576,殉,邪合三真去,辭閏,,
2577,儁,精合三真去,子峻,,
2578,舜,書合三真去,舒閏,,
2579,閏,日合三真去,如順,,
2580,順,船合三真去,食閏,,
2581,問,明三C文去,亡運,,
2582,運,云合三C文去,王問,,
2583,訓,曉合三C文去,許運,,
2584,湓,滂三C文去,匹問,,
2585,糞,幫三C文去,方問,,
2586,醞,影合三C文去,於問,,
2587,攈,見合三C文去,居運,,
2588,郡,羣合三C文去,渠運,,
2589,分,並三C文去,扶問,,
2590,焮,曉開三C殷去,香靳,,
2591,靳,見開三C殷去,居焮,,
2592,近,羣開三C殷去,巨靳,,
2593,㒚,影開三C殷去,於靳,,
2594,垽,疑開三C殷去,吾靳,,
2595,願,疑合三C元去,魚怨,,
2596,怨,影合三C元去,於願,,
2597,販,幫三C元去,方願,,
2598,券,溪合三C元去,去願,,
2599,万,明三C元去,無販,,
2600,飯,並三C元去,符万,,
2601,嬎,滂三C元去,芳万,,
2602,建,見開三C元去,居万,,
2603,堰,影開三C元去,於建,,
2604,獻,曉開三C元去,許建,,
2605,楥,曉合三C元去,虛願,,
2606,健,羣開三C元去,渠建,,
2607,𣀔,初合三元去,芳｟反｠〈叉〉万,,
2608,遠,云合三C元去,于願,,
2609,𤬝,疑開三C元去,語堰,,
2610,圈,羣合三C元去,臼万,,
2611,卛,見合三C元去,居願,,
2612,慁,匣合一魂去,胡困,,
2613,頓,端合一魂去,都困,,
2614,巽,心合一魂去,蘇困,,
2615,困,溪合一魂去,苦悶,,
2616,嫩,泥合一魂去,奴困,,
2617,搵,影合一魂去,烏困,,
2618,悶,明一魂去,莫困,,
2619,鐏,從合一魂去,徂悶,,
2620,睔,見合一魂去,古困,,
2621,噴,滂一魂去,普悶,,
2622,鈍,定合一魂去,徒困,,
2623,寸,清合一魂去,倉困,,
2624,坌,並一魂去,蒲悶,,
2625,顐,疑合一魂去,五困,,
2626,論,來合一魂去,盧困,,
2627,奔,幫一魂去,甫悶,,
2628,惛,曉合一魂去,呼悶,,
2629,焌,精合一魂去,子寸,,
2630,恨,匣開一痕去,胡艮,,
2631,艮,見開一痕去,古恨,,
2632,䭓,疑開一痕去,五恨,,
2633,䭡,影開一痕去,烏恨,,
2634,翰,匣開一寒去,侯旰,,
2635,炭,透開一寒去,他旦,,
2636,按,影開一寒去,烏旰,,
2637,旦,端開一寒去,得按,,
2638,憚,定開一寒去,徒案,,
2639,旰,見開一寒去,古案,,
2640,岸,疑開一寒去,五旰,,
2641,侃,溪開一寒去,苦旰,,
2642,漢,曉開一寒去,呼旰,,
2643,爛,來開一寒去,郎旰,,
2644,攤,泥開一寒去,奴案,,
2645,粲,清開一寒去,蒼案,,
2646,繖,心開一寒去,蘇旰,,
2647,贊,精開一寒去,則旰,,
2648,㜺,從開一寒去,祖〈徂〉贊,,
2649,換,匣合一寒去,胡玩,,
2650,䂎,精合一寒去,子筭,,
2651,惋,影合一寒去,烏貫,,
2652,貫,見合一寒去,古玩,,
2653,竄,清合一寒去,七亂,,
2654,玩,疑合一寒去,五換,,
2655,段,定合一寒去,徒玩,,
2656,亂,來合一寒去,郎段,,
2657,鍛,端合一寒去,丁貫,,
2658,彖,透合一寒去,通貫,,
2659,喚,曉合一寒去,火貫,,
2660,筭,心合一寒去,蘇貫,,
2661,縵,明一寒去,莫半,,
2662,半,幫一寒去,博慢〈漫〉,,
2663,判,滂一寒去,普半,,
2664,叛,並一寒去,薄半,,
2665,偄,泥合一寒去,奴亂,,
2666,攢,從合一寒去,在玩,,
2667,䥗,溪合一寒去,口喚,,
2668,諫,見開二刪去,古晏,,
2669,鴈,疑開二刪去,五晏,,
2670,晏,影開二刪去,烏澗,,
2671,訕,生開二刪去,所晏,,
2672,骭,匣開二刪去,下晏,,
2673,慢,明二刪去,謨晏,,
2674,綰,影合二刪去,烏患,,
2675,患,匣合二刪去,胡慣,,
2676,慣,見合二刪去,古患,,
2677,㝈,生合二刪去,生患,,
2678,篡,初合二刪去,初患,,
2679,薍,疑合二刪去,五患,,
2680,輚,崇開二刪去,士諫,,
2681,襻,滂二刪去,普患,,
2682,奻,孃合二刪去,女患,,
2683,羼,初開二刪去,初鴈,,
2684,㬄,徹開二刪去,丑晏,,
2685,襇,見開二山去,古莧,,
2686,莧,匣開二山去,侯襇,,
2687,瓣,並二山去,蒲莧,,
2688,盼,滂二山去,匹莧,,
2689,幻,匣合二山去,胡辨,,
2690,蔄,明二山去,亡莧,,
2691,袒,澄開二山去,丈莧,,
2692,扮,幫二山去,晡幻,,
2693,鰥,見合二山去,古幻,,
2694,霰,心開四先去,蘇佃,,
2695,蒨,清開四先去,倉甸,,
2696,絢,曉合四先去,許縣,,
2697,縣,匣合四先去,黃練,,
2698,睊,見合四先去,古縣,,
2699,電,定開四先去,堂練,,
2700,瑱,透開四先去,他甸,,
2701,練,來開四先去,郎甸,,
2702,見,見開四先去,古電,,
2703,晛,泥開四先去,奴甸,,
2704,俔,溪開四先去,苦甸,,
2705,見,匣開四先去,胡甸,,
2706,硯,疑開四先去,吾甸,,
2707,宴,影開四先去,於甸,,
2708,薦,精開四先去,作甸,,
2709,麪,明四先去,莫甸,,
2710,片,滂四先去,普麵,,
2711,荐,從開四先去,在甸,,
2712,䬼,影合四先去,烏縣,,
2713,殿,端開四先去,都甸,,
2714,𩎌,曉開四先去,呼甸,,
2715,線,心開三仙去,私箭,,
2716,戰,章開三仙去,之膳,,
2717,繕,常開三仙去,時戰,,
2718,彥,疑開三B仙去,魚變,,
2719,譴,溪開三A仙去,去戰,,
2720,絹,見合三A仙去,吉掾,,
2721,瑗,云合三B仙去,王眷,,
2722,面,明三A仙去,彌箭,,
2723,釧,昌合三仙去,尺絹,,
2724,掾,以合三仙去,以絹,,
2725,𩥇,知開三仙去,陟扇,,
2726,𤲬,日合三仙去,人絹,,
2727,箭,精開三仙去,子賤,,
2728,硟,昌開三仙去,昌戰,,
2729,扇,書開三仙去,式戰,,
2730,躽,影開三B仙去,於扇,,
2731,眷,見合三B仙去,居倦,,
2732,倦,羣合三B仙去,渠卷,,
2733,戀,來合三仙去,力卷,,
2734,猭,徹合三仙去,丑戀,,
2735,變,幫三B仙去,彼眷,,
2736,𨏉,生合三仙去,所眷,,
2737,縓,清合三仙去,七絹,,
2738,卞,並三B仙去,皮變,,
2739,㳬,邪合三仙去,辝（辭）戀,,
2740,選,心合三仙去,息絹,,
2741,䉵,崇合三仙去,七〈士〉戀,,
2742,孨,莊合三仙去,莊眷,,
2743,傳,澄合三仙去,直戀,,
2744,賤,從開三仙去,才線,,
2745,羨,邪開三仙去,似面,,
2746,騗,滂三A仙去,匹戰,,
2747,𢮨,常合三仙去,時釧,,
2748,輾,孃開三仙去,女箭,,
2749,囀,知合三仙去,知戀,,
2750,衍,以開三仙去,于〈予〉線,,
2751,便,並三A仙去,婢面,,
2752,邅,澄開三仙去,持碾,,
2753,𤹨,來開三仙去,連彥,,
2754,䄐,溪合三B仙去,區倦,,
2755,剸,章合三仙去,之囀,,
2756,徧,幫四先去,方見,,
2757,嘯,心開四蕭去,蘇弔,,
2758,糶,透開四蕭去,他弔,,
2759,弔,端開四蕭去,多嘯,,
2760,叫,見開四蕭去,古弔,,
2761,尿,泥開四蕭去,奴弔,,
2762,藋,定開四蕭去,徒弔,,
2763,竅,溪開四蕭去,苦弔,,
2764,𩕐,來開四蕭去,力弔,,
2765,顤,疑開四蕭去,五弔,,
2766,窔,影開四蕭去,烏叫,,
2767a,㱇,曉開三C蒸入,火弔〈即〉,,㱇
2767b,嬈,曉開四蕭去,火弔,,嬈
2767c,娎,澄開三仙入,火〈丈〉弔｟叫｠〈列〉,,娎
2768,笑,心開三宵去,私妙,,
2769,照,章開三宵去,之少,,
2770,燿,以開三宵去,弋照,,
2771,要,影開三A宵去,於笑,,
2772,召,澄開三宵去,直照,,
2773,邵,常開三宵去,寔照,,
2774,嶠,羣開三B宵去,渠廟,,
2775,剽,滂三A宵去,匹妙,,
2776,噍,從開三宵去,才笑,,
2777,妙,明三A宵去,彌笑,,
2778,陗,清開三宵去,七肖,,
2779,尞,來開三宵去,力照,,
2780,趬,溪開三B宵去,丘召,,
2781,𧇠,疑開三B宵去,牛召,,
2782,醮,精開三宵去,子肖,,
2783,廟,明三B宵去,眉召,,
2784,驃,並三A宵去,毗召,,
2785,少,書開三宵去,失照,,
2786,脁,徹開三宵去,丑召,,
2787,裱,幫三B宵去,方廟,,
2788,翹,羣開三A宵去,巨要,,
2789,饒,日開三宵去,人要,,
2790,效,匣開二肴去,胡教,,
2791,教,見開二肴去,古孝,,
2792,孝,曉開二肴去,呼教,,
2793,罩,知開二肴去,都教,,
2794,豹,幫二肴去,北教,,
2795,敲,溪開二肴去,苦教,,
2796,皃,明二肴去,莫教,,
2797,奅,滂二肴去,匹皃,,
2798,趠,徹開二肴去,丑教,,
2799,稍,生開二肴去,所教,,
2800,棹,澄開二肴去,直教,,
2801,橈,孃開二肴去,奴教,,
2802,抓,莊開二肴去,側教,,
2803,靤,並二肴去,防教,,
2804,抄,初開二肴去,初教,,
2805,靿,影開二肴去,於教,,
2806,樂,疑開二肴去,五教,,
2807,巢,崇開二肴去,七〈士〉稍,,
2808,号,匣開一豪去,胡到,,
2809,導,定開一豪去,徒到,,
2810,到,端開一豪去,都導,,
2811,誥,見開一豪去,古到,,
2812,傲,疑開一豪去,五到,,
2813,冃,明一豪去,莫報,,
2814,嫪,來開一豪去,郎到,,
2815,操,清開一豪去,七到,,
2816,暴,並一豪去,薄報,,
2817,報,幫一豪去,博耗（秏）,,
2818,漕,從開一豪去,在到,,
2819,奧,影開一豪去,烏到,,
2820,喿,心開一豪去,蘇到,,
2821,𩝝,溪開一豪去,苦到,,
2822,竈,精開一豪去,則到,,
2823,秏,曉開一豪去,呼到,,
2824,腝,泥開一豪去,那到,,
2825,箇,見開一歌去,古賀,,
2826,賀,匣開一歌去,胡箇,,
2827,佐,精開一歌去,則箇,,
2828,跢,端開一歌去,丁佐,,
2829,邏,來開一歌去,郎佐,,
2830,坷,溪開一歌去,口箇,,
2831,餓,疑開一歌去,五个,,
2832,馱,定開一歌去,唐佐,,
2833,奈,泥開一歌去,奴箇,,
2834,些,心開一歌去,蘇箇,,
2835,呵,曉開一歌去,呼箇,,
2836,拖,透開一歌去,吐邏,,
2837,過,見合一歌去,古臥,,
2838,和,匣合一歌去,胡臥,,
2839,挫,精合一歌去,則臥,,
2840,課,溪合一歌去,苦臥,,
2841,唾,透合一歌去,湯臥,,
2842,播,幫一歌去,補過,,
2843,剉,清合一歌去,麤臥,,
2844,磨,明一歌去,摸臥,,
2845,愞,泥合一歌去,乃臥,,
2846,破,滂一歌去,普過,,
2847,座,從合一歌去,徂臥,,
2848,臥,疑合一歌去,吾貨,,
2849,諎,清開一歌去,千過,,
2850,貨,曉合一歌去,呼臥,,
2851,惰,定合一歌去,徒臥,,
2852,縛,並三C歌去,符臥,,
2853,䇔,來合一歌去,魯過,,
2854,𣑫,端合一歌去,都唾,,
2855,磋,清開一歌去,七過,,
2856,䐝,心合一歌去,先臥,,
2857,侉,影開一歌去,安賀,,
2858,涴,影合一歌去,烏臥,,
2859,禡,明二麻去,莫駕,,
2860,駕,見開二麻去,古訝,,
2861,亞,影開二麻去,衣嫁,,
2862,嚇,曉開二麻去,呼訝,,
2863,迓,疑開二麻去,吾駕,,
2864,詫,徹開二麻去,丑亞,,
2865,吒,知開二麻去,陟駕,,
2866,詐,莊開二麻去,側駕,,
2867,乍,崇開二麻去,鋤（鉏）駕,,
2868,謝,邪開三麻去,辝（辭）夜,,
2869,髂,溪開二麻去,枯駕,,
2870,暇,匣開二麻去,胡駕,,
2871,褯,從開三麻去,慈夜,,
2872,夜,以開三麻去,羊謝,,
2873,䞣,昌開三麻去,充夜,,
2874,蝑,心開三麻去,司夜,,
2875,柘,章開三麻去,之夜,,
2876,唶,精開三麻去,子夜,,
2877,舍,書開三麻去,始夜,,
2878,射,船開三麻去,神夜,,
2879,霸,幫二麻去,必駕,,
2880,帊,滂二麻去,普駕,,
2881,摦,匣合二麻去,胡化,,
2882,化,曉合二麻去,呼霸,,
2883,跨,溪合二麻去,苦化,,
2884,誜,生合二麻去,所化,,
2885,𤝡,並二麻去,白駕,,
2886,䏧,孃開二麻去,乃亞,,
2887,笡,清開三麻去,遷謝,,
2888,嗄,生開二麻去,所嫁,,
2889,坬,見合二麻去,古罵,,
2890,䖳,澄開二麻去,除駕,,
2891,瓦,疑合二麻去,五化,,
2892,攨,影合二麻去,烏㕦,,
2893,漾,以開三陽去,餘亮,,
2894,亮,來開三陽去,力讓,,
2895,狀,崇開三陽去,鋤（鉏）亮,,
2896,讓,日開三陽去,人㨾,,
2897,餉,書開三陽去,式亮,,
2898,帳,知開三陽去,知亮,,
2899,悵,徹開三陽去,丑亮,,
2900,向,曉開三C陽去,許亮,,
2901,仗,澄開三陽去,直亮,,
2902,釀,孃開三陽去,女亮,,
2903,匠,從開三陽去,疾亮,,
2904,障,章開三陽去,之亮,,
2905,尚,常開三陽去,時亮,,
2906,壯,莊開三陽去,側亮,,
2907,怏,影開三C陽去,於亮,,
2908,弶,羣開三C陽去,其亮,,
2909,唱,昌開三陽去,尺亮,,
2910,刱,初開三陽去,初亮,,
2911,醬,精開三陽去,于〈子〉亮,,
2912,𨋕,疑開三C陽去,魚向,,
2913,訪,滂三C陽去,敷亮,,
2914,妄,明三C陽去,巫放,,
2915,況,曉合三C陽去,許訪,,
2916,誑,見合三C陽去,居況,,
2917,迋,云合三C陽去,于放,,
2918,放,幫三C陽去,甫妄,,
2919,相,心開三陽去,息亮,,
2920,殭,見開三C陽去,居亮,,
2921,唴,溪開三C陽去,丘亮,,
2922,蹡,清開三陽去,七亮,,
2923,狂,羣合三C陽去,渠放,,
2924,防,並三C陽去,符況,,
2925,宕,定開一唐去,徒浪,,
2926,浪,來開一唐去,來宕,,
2927,吭,匣開一唐去,下浪,,
2928,盎,影開一唐去,烏浪,,
2929,枊,疑開一唐去,五浪,,
2930,葬,精開一唐去,則浪,,
2931,傍,並一唐去,蒲浪,,
2932,藏,從開一唐去,徂浪,,
2933,譡,端開一唐去,丁浪,,
2934,抗,溪開一唐去,苦浪,,
2935,螃,幫一唐去,補曠,,
2936,儻,透開一唐去,他浪,,
2937,曠,溪合一唐去,苦謗,,
2938,儾,泥開一唐去,奴浪,,
2939,喪,心開一唐去,蘇浪,,
2940,攩,匣合一唐去,乎曠,,
2941,桄,見合一唐去,古曠,,
2942,鋼,見開一唐去,古浪,,
2943,荒,曉合一唐去,呼浪,,
2944,漭,明一唐去,莫浪,,
2945,汪,影合一唐去,烏浪,,
2946,映,影開三B庚去,於敬,,
2947,敬,見開三B庚去,居慶,,
2948,競,羣開三B庚去,渠敬,,
2949,慶,溪開三B庚去,丘敬,,
2950,更,見開二庚去,古孟,,
2951,命,明三B庚去,眉病,,
2952,病,並三B庚去,皮命,,
2953,孟,明二庚去,莫更,,
2954,蝗,匣合二庚去,戶孟,,
2955,柄,幫三B庚去,陂病,,
2956,詠,云合三B庚去,爲命,,
2957,行,匣開二庚去,下更,,
2958,瀴,影開二庚去,於孟,,
2959,㵾,初開三庚去,楚敬,,
2960,倀,知開二庚去,猪（豬）孟,,
2961,牚,徹開二庚去,他孟,,
2962,榜,幫二庚去,北孟,,
2963,鋥,澄開二庚去,除更,,
2964,生,生開三庚去,所敬,,
2965,迎,疑開三B庚去,魚敬,,
2966,膨,並二庚去,蒲孟,,
2967,䛭,曉開二庚去,許更,,
2968,𥥈,影合二庚去,烏橫,,
2969,諍,莊開二耕去,側迸,,
2970,迸,幫二耕去,北諍,,
2971,𠊧,並二耕去,蒲迸,,
2972,䙬,影開二耕去,鷖迸,,
2973,鞕,疑開二耕去,五爭,,
2974,轟,曉合二耕去,呼迸,,
2975,勁,見開三A清去,居正,,
2976,倩,清開三清去,七政,,
2977,政,章開三清去,之盛,,
2978,聖,書開三清去,式正,,
2979,鄭,澄開三清去,直正,,
2980,遉,徹開三清去,丑鄭,,
2981,性,心開三清去,息正,,
2982,令,來開三清去,力政,,
2983,聘,滂三A清去,匹正,,
2984,敻,曉合三A清去,休正,,
2985,摒,幫三A清去,畀政,,
2986,偋,並三A清去,防正,,
2987,淨,從開三清去,疾政,,
2988,盛,常開三清去,承正,,
2989,詺,明三A清去,彌正,,
2990,輕,溪開三A清去,墟正,,
2991a,欦,曉開一覃平,許｟火｠令〈含〉,,欦
2991b,𩈡,曉開三A清去,許令,,𩈡
2992,精,精開三清去,子姓,,
2993,徑,見開四青去,古定,,
2994,甯,泥開四青去,乃定,,
2995,腥,心開四青去,蘇佞,,
2996,脛,匣開四青去,胡定,,
2997,定,定開四青去,徒徑,,
2998,矴,端開四青去,丁定,,
2999,罄,溪開四青去,苦定,,
3000,聽,透開四青去,他定,,
3001,靘,清開四青去,千定,,
3002,䒌,明四青去,莫定,,
3003,鎣,影合四青去,烏定,,
3004,零,來開四青去,郎定,,
3005,證,章開三蒸去,諸應,,
3006,孕,以開三蒸去,以證,,
3007,乘,船開三蒸去,實證,,
3008,認,日開三蒸去,而證,,
3009,應,影開三C蒸去,於證,,
3010,甑,精開三蒸去,子孕,,
3011,興,曉開三C蒸去,許應,,
3012,勝,書開三蒸去,詩證,,
3013,瞪,澄開三蒸去,丈證,,
3014,𩜁,來開三蒸去,里甑,,
3015,凭,並三B蒸去,皮證,,
3016,稱,昌開三蒸去,昌孕,,
3017,凝,疑開三C蒸去,牛𩜁,,
3018,丞,常開三蒸去,常證,,
3019,覴,徹開三蒸去,丑證,,
3020,殑,羣開三C蒸去,其𩜁,,
3021,嶝,端開一登去,都鄧,,
3022,贈,從開一登去,昨亙,,
3023,亙,見開一登去,古鄧,,
3024,蹭,清開一登去,千鄧,,
3025,鄧,定開一登去,徒亙,,
3026,懵,明一登去,武亙,,
3027,𥦜,幫一登去,方隥,,
3028,倗,並一登去,父鄧,,
3029,踜,來開一登去,魯鄧,,
3030,增,精開一登去,子鄧,,
3031,𡬙,心開一登去,思贈,,
3032,𤃶,透開一登去,台鄧,,
3033,宥,云三C尤去,于救,,
3034,救,見三C尤去,居祐,,
3035,胄,澄三尤去,直祐,,
3036,晝,知三尤去,陟救,,
3037,狩,書三尤去,舒救,,
3038,臭,昌三尤去,尺救,,
3039,岫,邪三尤去,似祐,,
3040,齅,曉三C尤去,許救,,
3041,呪,章三尤去,職救,,
3042,舊,羣三C尤去,巨救,,
3043,𤸃,生三尤去,所祐,,
3044,皺,莊三尤去,側救,,
3045,副,滂三C尤去,敷救,,
3046,簉,初三尤去,初救,,
3047,富,幫三C尤去,方副,,
3048,畜,徹三尤去,丑救,,
3049,溜,來三尤去,力救,,
3050,秀,心三尤去,息救,,
3051,僦,精三尤去,即就,,
3052,驟,崇三尤去,鋤（鉏）祐,,
3053,就,從三尤去,疾僦,,
3054,糅,孃三尤去,女救,,
3055,復,並三C尤去,扶富,,
3056,狖,以三尤去,余救,,
3057,授,常三尤去,承呪,,
3058,輮,日三尤去,人又,,
3059,莓,明三C尤去,亡救,,
3060,鼼,疑三C尤去,牛救,,
3061,𪖛,溪三C尤去,丘救,,
3062,䞭,清合一灰平,七溜｟霤｠〈雷〉,,
3063,候,匣一侯去,胡遘,,
3064,寇,溪一侯去,苦候,,
3065,茂,明一侯去,莫候,,
3066,仆,滂一侯去,匹候,,
3067,豆,定一侯去,［徒］候,,
3068,鬥,端一侯去,都豆,,
3069,槈,泥一侯去,奴豆,,
3070,瘶,心一侯去,蘇奏,,
3071,奏,精一侯去,則候,,
3072,透,透一侯去,他候,,
3073,漚,影一侯去,烏候,,
3074,遘,見一侯去,古候,,
3075,輳,清一侯去,倉奏,,
3076,陋,來一侯去,盧候,,
3077,蔻,曉一侯去,呼漏,,
3078,䏽,並一侯去,蒲候,,
3079,偶,疑一侯去,五遘,,
3080,㔌,從一侯去,才奏,,
3081,幼,影開三A幽去,伊謬,,
3082,謬,明三B幽去,靡幼,,
3083,䠗,溪開三A幽去,丘謬,,
3084,𧾻,羣開三A幽去,巨幼,,
3085,沁,清開三侵去,七鴆,,
3086,浸,精開三侵去,子鴆,,
3087,妊,日開三侵去,汝鴆,,
3088,鴆,澄開三侵去,直禁,,
3089,枕,章開三侵去,之任,,
3090,𦧈,羣開三B侵去,巨禁,,
3091,禁,見開三B侵去,居蔭,,
3092,賃,孃開三侵去,乃禁,,
3093,蔭,影開三B侵去,於禁,,
3094,滲,生開三侵去,所禁,,
3095,闖,徹開三侵去,丑禁,,
3096,譖,莊開三侵去,莊蔭,,
3097,讖,初開三侵去,楚譖,,
3098,吟,疑開三B侵去,宜禁,,
3099,揕,知開三侵去,知鴆,,
3100,臨,來開三侵去,良鴆,,
3101,甚,常開三侵去,時鴆,,
3102,䫴,云開三B侵去,于禁,,
3103,深,書開三侵去,式禁,,
3104,勘,溪開一覃去,苦紺,,
3105,紺,見開一覃去,古暗,,
3106,憾,匣開一覃去,胡紺,,
3107,暗,影開一覃去,烏紺,,
3108,僋,透開一覃去,他紺,,
3109,俕,心開一覃去,蘇紺,,
3110,謲,清開一覃去,七紺,,
3111,醰,定開一覃去,徒紺,,
3112,儑,疑開一覃去,五紺,,
3113,馾,端開一覃去,丁紺,,
3114,妠,泥開一覃去,奴紺,,
3115,顲,來開一覃去,郎紺,,
3116,䫲,曉開一覃去,呼紺,,
3117,篸,精開一覃去,作紺,,
3118,闞,溪開一談去,苦濫,,
3119,濫,來開一談去,盧𣊟,,
3120,賧,透開一談去,吐濫,,
3121,𪉦,見開一談去,古蹔（暫）,,
3122,𧵊,曉開一談去,呼濫,,
3123,憨,匣開一談去,下瞰,,
3124,憺,定開一談去,徒濫,,
3125,暫,從開一談去,藏濫,,
3126,擔,端開一談去,都濫,,
3127,三,心開一談去,蘇暫,,
3128,豔,以開三鹽去,以贍,,
3129,贍,常開三鹽去,時豔,,
3130,染,日開三鹽去,而豔,,
3131,厭,影開三A鹽去,於豔,,
3132,窆,幫三B鹽去,方驗,,
3133,驗,疑開三B鹽去,魚窆,,
3134,閃,書開三鹽去,舒贍,,
3135,𡄑,精開三鹽去,子豔,,
3136,壍,清開三鹽去,七豔,,
3137,殮,來開三鹽去,力驗,,
3138,覘,徹開三鹽去,丑豔,,
3139,䠨,昌開三鹽去,昌豔,,
3140,𢜰,影開三B鹽去,於驗,,
3141,潛,從開三鹽去,慈豔,,
3142,占,章開三鹽去,章豔,,
3143,㮇,透開四添去,他念,,
3144,念,泥開四添去,奴店,,
3145,店,端開四添去,都念,,
3146,䃸,心開四添去,先念,,
3147,磹,定開四添去,徒念,,
3148,趝,見開四添去,紀念,,
3149,酓,影開四添去,於念,,
3150,僭,精開四添去,子念,,
3151,䁮,從開四添去,漸念,,
3152,兼,見開四添去,古念,,
3153,傔,溪開四添去,苦念,,
3154,稴,來開四添去,力店,,
3155,釅,疑開三C嚴去,魚欠,,
3156,脅,曉開三C嚴去,許欠,,
3157,㪁,溪開三C嚴去,丘釅,,
3158,𦲯,明三C凡去,亡劒,,
3159,陷,匣開二咸去,戶韽,,
3160,韽,影開二咸去,於陷,,
3161,蘸,莊開二咸去,莊陷,,
3162,𪉜,知開二咸去,陟陷,,
3163,歉,溪開二咸去,口陷,,
3164,𧸖,澄開二咸去,佇陷,,
3165,儳,崇開二咸去,仕陷,,
3166,𪉦,見開二咸去,公陷,,
3167,諵,孃開二咸去,尼賺（𧸖）,,
3168,顑,疑開二咸去,玉陷,,
3169,鑑,見開二銜去,格懺,,
3170,懺,初開二銜去,楚鑒（鑑）,,
3171,覱,莊開二銜去,子鑑,,
3172,釤,生開二銜去,所鑑,,
3173,㒈,曉開二銜去,許鑑,,
3174,埿,並二銜去,蒲鑑,,
3175,㽉,匣開二銜去,胡懺,,
3176,鑱,崇開二銜去,士懺,,
3177,𪒠,影開二銜去,,黯去聲,
3178,梵,並三C凡去,扶泛,,
3179,汎,滂三C凡去,孚梵,,
3180,劒,見開三C嚴去,居欠,,
3181,欠,溪開三C嚴去,去劒,,
3182,俺,影開三C嚴去,於劒,,
3183,屋,影一東入,烏谷,,
3184,獨,定一東入,徒谷,,
3185,穀,見一東入,古祿,,
3186,縠,匣一東入,胡谷,,
3187,哭,溪一東入,空谷,,
3188,禿,透一東入,他谷,,
3189,豰,端一東入,丁木,,
3190,速,心一東入,桑谷,,
3191,祿,來一東入,盧谷,,
3192,嗀,曉一東入,呼木,,
3193,族,從一東入,昨木,,
3194,瘯,清一東入,千木,,
3195,鏃,精一東入,作木,,
3196,暴,並一東入,蒲木,,
3197,扑,滂一東入,普木,,
3198,卜,幫一東入,博木,,
3199,木,明一東入,莫卜,,
3200,福,幫三C東入,方六,,
3201,伏,並三C東入,房六,,
3202,縮,生三東入,所六,,
3203,六,來三東入,力竹,,
3204,逐,澄三東入,直六,,
3205,菊,見三C東入,居六,,
3206,麴,溪三C東入,驅匊,,
3207,熟,常三東入,殊六,,
3208,俶,昌三東入,昌六,,
3209,育,以三東入,余六,,
3210,驧,羣三C東入,渠竹,,
3211,鼀,清三東入,七宿,,
3212,肉,日三東入,如六,,
3213,粥,章三東入,之六,,
3214,叔,書三東入,式竹,,
3215,蓄,曉三C東入,許竹,,
3216,竹,知三東入,張六,,
3217,蹙,精三東入,子六,,
3218,珿,初三東入,初六,,
3219,朒,孃三東入,女六,,
3220,縬,莊三東入,側六,,
3221,蝮,滂三C東入,芳福,,
3222,郁,影三C東入,於六,,
3223,肅,心三東入,息逐,,
3224,目,明三C東入,莫六,,
3225,囿,云三C東入,于六,,
3226,蓄,徹三東入,丑六,,
3227,砡,疑三C東入,魚菊,,
3228,𣤶,從三東入,才六,,
3229,沃,影一冬入,烏酷,,
3230,毒,定一冬入,徒沃,,
3231,篤,端一冬入,冬毒,,
3232,酷,溪一冬入,苦沃,,
3233,鵠,匣一冬入,胡沃,,
3234,僕,並一冬入,蒲沃,,
3235,洬,心一冬入,先篤,,
3236,梏,見一冬入,古沃,,
3237,瑁,明一冬入,莫沃,,
3238,熇,曉一冬入,火酷,,
3239,褥,泥一冬入,內沃,,
3240,傶,精一冬入,將毒,,
3241,襮,幫一冬入,博沃,,
3242,濼,來一冬入,盧毒,,
3243,𤛹,疑一冬入,五沃,,
3244,燭,章三鍾入,之欲,,
3245,玉,疑三C鍾入,魚欲,,
3246,旭,曉三C鍾入,許玉,,
3247,輂,見三C鍾入,居玉,,
3248,局,羣三C鍾入,渠玉,,
3249,蜀,常三鍾入,市玉,,
3250,觸,昌三鍾入,尺玉,,
3251,辱,日三鍾入,而蜀,,
3252,束,書三鍾入,書玉,,
3253,欲,以三鍾入,余蜀,,
3254,躅,澄三鍾入,直錄,,
3255,錄,來三鍾入,力玉,,
3256,曲,溪三C鍾入,丘玉,,
3257,瘃,知三鍾入,陟玉,,
3258,足,精三鍾入,即玉,,
3259,贖,船三鍾入,神蜀,,
3260,幞,並三C鍾入,房玉,,
3261,促,清三鍾入,七玉,,
3262,續,邪三鍾入,似足,,
3263,粟,心三鍾入,相玉,,
3264,䪁,幫三C鍾入,封曲,,
3265,梀,徹三鍾入,丑玉,,
3266,覺,見二江入,古岳,,
3267,嶽,疑二江入,五角,,
3268,浞,崇二江入,士角,,
3269,捉,莊二江入,側角,,
3270,朔,生二江入,所角,,
3271,斲,知二江入,竹角,,
3272,剝,幫二江入,北角,,
3273,邈,明二江入,莫角,,
3274,雹,並二江入,蒲角,,
3275,璞,滂二江入,匹角,,
3276,㱿,溪二江入,苦角,,
3277,濁,澄二江入,直角,,
3278,渥,影二江入,於角,,
3279,搦,孃二江入,女角,,
3280,逴,徹二江入,敕角,,
3281,犖,來二江入,呂角,,
3282,學,匣二江入,胡覺,,
3283,㕰,曉二江入,許角,,
3284,娖,初二江入,測角,,
3285,質,章開三真入,之日,,
3286,日,日開三真入,人質,,
3287,實,船開三真入,神質,,
3288,秩,澄開三真入,直一,,
3289,悉,心開三真入,息七,,
3290,一,影開三A真入,於悉,,
3291,七,清開三真入,親吉,,
3292,匹,滂三A真入,譬吉,,
3293,吉,見開三A真入,居質,,
3294,暱,孃開三真入,尼質,,
3295,逸,以開三真入,夷質,,
3296,詰,溪開三A真入,去吉,,
3297,欯,曉開三A真入,許吉,,
3298,抶,徹開三真入,丑栗,,
3299,栗,來開三真入,力質,,
3300,窒,知開三真入,陟栗,,
3301,疾,從開三真入,秦悉,,
3302,㓼,初開三臻入,初栗,,
3303,失,書開三真入,式質,,
3304,堲,精開三真入,資悉,,
3305,蜜,明三A真入,彌畢,,
3306,必,幫三A真入,卑吉,,
3307,姞,羣開三B真入,巨乙,,
3308,邲,並三A真入,毗必,,
3309,䫻,云合三B真入,于筆,,
3310,率,生合三真入,所律,,
3311,叱,昌開三真入,昌栗,,
3312,𪗨,崇開三臻入,仕叱,,
3313,密,明三B真入,美畢〖筆〗,,
3314,弼,並三B真入,房密,,
3315,乙,影開三B真入,於筆,,
3316,耴,疑開三B真入,魚乙,,
3317,筆,幫三B真入,鄙密,,
3318,茁,知合三真入,徵筆,,
3319,肸,曉開三B真入,羲乙,,
3320,暨,見開三B真入,居乙,,
3321,蛭,知開三真入,丁悉,,
3322,獝,曉合三A真入,況必,,
3323,術,船合三真入,食聿,,
3324,橘,見合三A真入,居聿,,
3325,崒,從合三真入,慈卹,,
3326,聿,以合三真入,餘律,,
3327,卒,精合三真入,子聿,,
3328,卹,心合三真入,辛聿,,
3329,律,來合三真入,呂卹,,
3330,黜,徹合三真入,丑律,,
3331,㤕,知合三真入,竹律,,
3332,朮,澄合三真入,直律,,
3333,出,昌合三真入,赤律,,
3334,焌,清合三真入,倉聿,,
3335,𠭴,莊合三真入,側律,,
3336,䎀,曉合三A真入,許聿,,
3337,櫛,莊開三臻入,阻瑟,,
3338,瑟,生開三臻入,所櫛,,
3339,𪗨,崇開三臻入,崱瑟,,
3340,物,明三C文入,文弗,,
3341,弗,幫三C文入,分勿,,
3342,鬱,影合三C文入,紆物,,
3343,𠀔,見合三C文入,九勿,,
3344,屈,溪合三C文入,區勿,,
3345,倔,羣合三C文入,衢物,,
3346,佛,並三C文入,符弗,,
3347,䬍,曉合三C文入,許勿,,
3348,䬑,云合三C文入,王勿,,
3349,拂,滂三C文入,敷勿,,
3350,崛,疑合三C文入,魚勿,,
3351,迄,曉開三C殷入,許訖,,
3352,訖,見開三C殷入,居乙〈乞〉,,
3353,疙,疑開三C殷入,魚迄,,
3354,䞘,羣開三C殷入,其迄,,
3355,乞,溪開三C殷入,去訖,,
3356,月,疑合三C元入,魚厥,,
3357,伐,並三C元入,房越,,
3358,越,云合三C元入,王伐,,
3359,厥,見合三C元入,居月,,
3360,𡡕,影合三C元入,於月,,
3361,𧤼,羣合三C元入,其月,,
3362,闕,溪合三C元入,去月,,
3363,髮,幫三C元入,方伐,,
3364,韤,明三C元入,望發,,
3365,䬂,曉合三C元入,許月,,
3366,謁,影開三C元入,於歇,,
3367,歇,曉開三C元入,許竭〖謁〗,,
3368,訐,見開三C元入,居竭〖謁〗,,
3369,𢷒,羣開三C元入,其謁,,
3370,㤄,滂三C元入,拂伐,,
3371,钀,疑開三C元入,語訐,,
3372,沒,明一魂入,莫勃,,
3373,𣅝,透合一魂入,土骨,,
3374,骨,見合一魂入,古忽,,
3375,勃,並一魂入,蒲沒,,
3376,咄,端合一魂入,當沒,,
3377,突,透合一魂入,他骨,,
3378,突,定合一魂入,陀骨,,
3379,𩑦,影合一魂入,烏沒,,
3380,忽,曉合一魂入,呼骨,,
3381,兀,疑合一魂入,五忽,,
3382,䪬,滂一魂入,普沒,,
3383,𠀽,來合一魂入,勒沒,,
3384,窟,溪合一魂入,苦骨,,
3385,訥,泥合一魂入,內骨,,
3386,窣,心合一魂入,蘇骨,,
3387,猝,清合一魂入,倉沒,,
3388,捽,從合一魂入,昨沒,,
3389,麧,匣開一痕入,下沒,,
3390,搰,匣合一魂入,戶骨,,
3391,卒,精合一魂入,臧沒,,
3392,曷,匣開一寒入,胡葛,,
3393,䫘,曉開一寒入,許葛,,
3394,怛,端開一寒入,當割,,
3395,闥,透開一寒入,他達,,
3396,遏,影開一寒入,烏葛,,
3397,剌,來開一寒入,盧達,,
3398,渴,溪開一寒入,苦曷,,
3399,達,定開一寒入,唐割,,
3400,嶻,從開一寒入,才割,,
3401,嶭,疑開一寒入,五割,,
3402,葛,見開一寒入,古達,,
3403,躠,心開一寒入,桑割,,
3404,攃,清開一寒入,七曷,,
3405,捺,泥開一寒入,奴曷,,
3406,䔾,匣開一寒入,矛〈予〉割,,
3407,末,明一寒入,莫撥,,
3408,枂,疑合一寒入,五活,,
3409,柮,從合一寒入,藏活,,
3410,撥,幫一寒入,北末,,
3411,䰖,精開一寒入,姊末,,
3412,括,見合一寒入,古活,,
3413,闊,溪合一寒入,苦栝,,
3414,活,匣合一寒入,戶括,,
3415,奪,定合一寒入,徒活,,
3416,豁,曉合一寒入,呼括,,
3417,斡,影合一寒入,烏括,,
3418,繓,精合一寒入,子括,,
3419,鏺,滂一寒入,普活,,
3420,侻,透合一寒入,他括,,
3421,捋,來合一寒入,郎括,,
3422,掇,端合一寒入,丁括,,
3423,撮,清合一寒入,倉括,,
3424,跋,並一寒入,蒲撥,,
3425,黠,匣開二山入,胡八,,
3426,札,莊開二山入,側八,,
3427,拔,並二山入,蒲八,,
3428,𤫶,溪開二山入,恪八,,
3429,滑,匣合二山入,戶八,,
3430,八,幫二山入,博拔,,
3431,窡,知合二山入,丁滑,,
3432,婠,影合二山入,烏八,,
3433,豽,孃合二山入,女滑,,
3434,䶪,初開二山入,初八,,
3435,劀,見合二山入,古滑,,
3436,戛,見開二山入,古黠,,
3437,軋,影開二山入,烏黠,,
3438,殺,生開二山入,所八,,
3439,㑻,明二山入,莫八,,
3440,傄,曉合二山入,呼八,,
3441,痆,孃開二山入,女黠,,
3442,𦤙,疑合二山入,五骨〈滑〉,,
3443,䯇,溪合二山入,口滑,,
3444,汃,滂二山入,普八,,
3445,茁,莊合二山入,鄒滑,,
3446,鎋,匣開二刪入,胡瞎,,
3447,𪆰,影開二刪入,乙鎋,,
3448,齾,疑開二刪入,五鎋,,
3449,刹,初開二刪入,初鎋,,
3450,𥴭,溪開二刪入,枯鎋,,
3451,瞎,曉開二刪入,許鎋,,
3452,獺,徹開二刪入,他鎋,,
3453,刮,見合二刪入,古䫄,,
3454,頢,匣合二刪入,下刮,,
3455,䫄,徹合二刪入,丑刮,,
3456,鵽,知合二刪入,丁刮,,
3457,刷,生合二刪入,數刮,,
3458,刖,疑合二刪入,五刮,,
3459,䵵,初合二刪入,初刮,,
3460,礣,明二刪入,莫鎋,,
3461,妠,孃合二刪入,女刮,,
3462,捌,幫二刪入,百鎋,,
3463,𪈟,見開二刪入,古鎋,,
3464,𨰉,崇開二刪入,查鎋,,
3465,哳,知開二刪入,陟鎋,,
3466,𩭿,孃開二刪入,而轄（鎋）,,
3467,屑,心開四先入,先結,,
3468,切,清開四先入,千結,,
3469,結,見開四先入,古屑,,
3470,節,精開四先入,子結,,
3471,血,曉合四先入,呼決,,
3472,闋,溪合四先入,苦穴,,
3473,玦,見合四先入,古穴,,
3474,穴,匣合四先入,胡決,,
3475,抉,影合四先入,於決,,
3476,姪,定開四先入,徒結,,
3477,鐵,透開四先入,他結,,
3478,纈,匣開四先入,胡結,,
3479,涅,泥開四先入,奴結,,
3480,截,從開四先入,昨結,,
3481,齧,疑開四先入,五結,,
3482,蔑,明四先入,莫結,,
3483,㢼,幫四先入,方結,,
3484,噎,影開四先入,烏結,,
3485,猰,溪開四先入,苦結,,
3486,㚛,曉開四先入,虎結,,
3487,撆,滂四先入,普蔑,,
3488,蹩,並四先入,蒲結,,
3489,窒,端開四先入,丁結,,
3490,𥸸,來開四先入,練結,,
3491,薛,心開三仙入,私列,,
3492,列,來開三仙入,良辥,,
3493,哲,知開三仙入,陟列,,
3494,傑,羣開三B仙入,渠列,,
3495,熱,日開三仙入,如列,,
3496,晢,章開三仙入,旨熱,,
3497,舌,船開三仙入,食列,,
3498,折,常開三仙入,常列,,
3499,孼,疑開三B仙入,魚列,,
3500,滅,明三A仙入,亡列,,
3501,朅,溪開三B仙入,丘謁〖竭〗,,
3502,鷩,幫三A仙入,并列,,
3503,絕,從合三仙入,情雪,,
3504,蕝,精合三仙入,子悅,,
3505,雪,心合三仙入,相絕,,
3506,𤿫,徹合三仙入,丑悅,,
3507,悅,以合三仙入,弋雪,,
3508,缺,溪合三A仙入,傾雪,,
3509,噦,影合三B仙入,乙劣,,
3510,爇,日合三仙入,如劣,,
3511,說,書合三仙入,失爇,,
3512,拙,章合三仙入,職悅,,
3513,歠,昌合三仙入,昌悅,,
3514,輟,知合三仙入,陟劣,,
3515,劣,來合三仙入,力輟,,
3516,瞥,滂三A仙入,芳滅,,
3517,別,並三B仙入,皮列,,
3518,轍,澄開三仙入,直列,,
3519,䇷,幫三B仙入,方別,,
3520,㕞,生合三仙入,所劣,,
3521a,孑,見開三A仙入,居列,,孑𨥂趌
3521b,訐,見開三B仙入,居列〖？〗,,訐䅥揭
3522,設,書開三仙入,識列,,
3523,吶,孃合三仙入,女劣,,
3524,𥄎,曉合三A仙入,許劣,,
3525,妜,影合三A仙入,於悅,,
3526,蹶,見合三B仙入,紀劣,,
3527,茁,莊合三仙入,側劣,,
3528,膬,清合三仙入,七絕,,
3529,𧕾,精開三仙入,姊列,,
3530,榝,生開三仙入,山列,,
3531,焆,影開三B仙入,於列,,
3532,屮,徹開三仙入,丑列,,
3533,娎,曉開三B仙入,許列,,
3534,啜,常合三仙入,姝〈殊〉雪,,
3535,㔍,初合三仙入,廁列〈別〉,,
3536,㿱,邪合三仙入,寺絕,,
3537,掣,昌開三仙入,昌列,,
3538,抴,以開三仙入,羊列,,
3539,𨵊,崇開三仙入,土〈士〉列,,
3540,藥,以開三陽入,以灼,,
3541,略,來開三陽入,離灼,,
3542,腳,見開三C陽入,居勺,,
3543,灼,章開三陽入,之若,,
3544,爍,書開三陽入,書藥,,
3545,若,日開三陽入,而灼,,
3546,綽,昌開三陽入,昌約,,
3547,約,影開三C陽入,於略,,
3548,卻,溪開三C陽入,去約,,
3549,虐,疑開三C陽入,魚約,,
3550,妁,常開三陽入,市若,,
3551,㲋,徹開三陽入,丑略,,
3552,削,心開三陽入,息約,,
3553,斮,莊開三陽入,側略,,
3554,爵,精開三陽入,即略,,
3555,皭,從開三陽入,在爵,,
3556,鵲,清開三陽入,七雀,,
3557,噱,羣開三C陽入,其虐,,
3558,嬳,影合三C陽入,憂縛,,
3559,縛,並三C陽入,符钁,,
3560,䂄,曉合三C陽入,許縛,,
3561,籰,云合三C陽入,王縛,,
3562,玃,見合三C陽入,居縛,,
3563,芍,知開三陽入,張略,,
3564,著,澄開三陽入,直略,,
3565,躩,溪合三C陽入,丘縛,,
3566,戄,羣合三C陽入,具籰,,
3567,逽,孃開三陽入,女略,,
3568,𩅿,滂三C陽入,孚縛,,
3569,謔,曉開三C陽入,虛約,,
3570,鐸,定開一唐入,徒落,,
3571,莫,明一唐入,慕各,,
3572,落,來開一唐入,盧各,,
3573,託,透開一唐入,他各,,
3574,作,精開一唐入,則落,,
3575,錯,清開一唐入,倉各,,
3576,各,見開一唐入,古落,,
3577,恪,溪開一唐入,苦各,,
3578,咢,疑開一唐入,五各,,
3579,𩔈,滂一唐入,匹各,,
3580,惡,影開一唐入,烏各,,
3581,泊,並一唐入,傍各,,
3582,𦞦,曉開一唐入,呵各,,
3583,索,心開一唐入,蘇各,,
3584,涸,匣開一唐入,下各,,
3585,昨,從開一唐入,在各,,
3586,博,幫一唐入,補各,,
3587,諾,泥開一唐入,奴各,,
3588,霍,曉合一唐入,虛郭,,
3589,郭,見合一唐入,古博,,
3590,雘,影合一唐入,烏郭,,
3591,穫,匣合一唐入,胡郭,,
3592,廓,溪合一唐入,苦郭,,
3593,瓁,疑合一唐入,五郭,,
3594,硦,來合一唐入,盧穫,,
3595,㘀,精合一唐入,祖郭,,
3596,陌,明二庚入,莫白,,
3597,磔,知開二庚入,陟格,,
3598,白,並二庚入,傍陌,,
3599,伯,幫二庚入,博陌,,
3600,劇,羣開三B庚入,奇逆,,
3601,戟,見開三B庚入,几劇,,
3602,𡩡,生開三庚入,山戟,,
3603,柵,初開三庚入,測戟,,
3604,嚄,匣合二庚入,胡伯,,
3605,嘖,莊開二庚入,側伯,,
3606,齚,崇開二庚入,鋤（鉏）陌,,
3607,隙,溪開三B庚入,綺戟,,
3608,額,疑開二庚入,五陌,,
3609,逆,疑開三B庚入,宜戟,,
3610,客,溪開二庚入,苦格,,
3611,啞,影開二庚入,烏格,,
3612,虩,曉開三B庚入,許郤,,
3613,坼,徹開二庚入,丑格,,
3614,䪝,影合二庚入,乙白,,
3615,拍,滂二庚入,普伯,,
3616,赫,曉開二庚入,呼格,,
3617,垎,匣開二庚入,胡格,,
3618,格,見開二庚入,古伯,,
3619,謋,曉合二庚入,虎伯,,
3620,宅,澄開二庚入,場伯,,
3621,虢,見合二庚入,古伯,,
3622,擭,影合二庚入,一虢,,
3623,蹃,孃開二庚入,女白,,
3624,𧍕,溪合二庚入,丘擭,,
3625,欂,並三B庚入,弼戟,,
3626,麥,明二耕入,莫獲,,
3627,獲,匣合二耕入,胡麥,,
3628,蟈,見合二耕入,古獲,,
3629,檗,幫二耕入,博厄（戹）,,
3630,䌟,並二耕入,蒲革,,
3631,賾,崇開二耕入,士革,,
3632,責,莊開二耕入,側革,,
3633,䞰,崇合二耕入,查獲,,
3634,策,初開二耕入,楚革,,
3635,礊,溪開二耕入,楷革,,
3636,剨,曉合二耕入,呼麥,,
3637,覈,匣開二耕入,下革,,
3638,隔,見開二耕入,古核,,
3639,摘,知開二耕入,陟革,,
3640,戹,影開二耕入,於革,,
3641,栜,生開二耕入,山責,,
3642,𢶉,滂二耕入,普麥,,
3643,虉,疑開二耕入,五革,,
3644,礐,來開二耕入,力摘,,
3645,㩇,匣合二耕入,簪｟子｠〈于〉摑,,
3646,𢷾,生合二耕入,砂（沙）獲,,
3647,𧾛,羣合三B庚入,求獲,,
3648,疒,孃開二耕入,尼戹,,
3649,昔,心開三清入,思積,,
3650,積,精開三清入,資昔,,
3651,益,影開三A清入,伊昔,,
3652,繹,以開三清入,羊益,,
3653,釋,書開三清入,施隻,,
3654,尺,昌開三清入,昌石,,
3655,石,常開三清入,常隻,,
3656,隻,章開三清入,之石,,
3657,擲,澄開三清入,直炙,,
3658,皵,清開三清入,七迹,,
3659,席,邪開三清入,祥易,,
3660,籍,從開三清入,秦昔,,
3661,擗,並三A清入,房益,,
3662,役,以合三清入,營隻,,
3663,瞁,曉合三A清入,許役,,
3664,辟,幫三A清入,必益,,
3665,僻,滂三A清入,芳辟,,
3666,麝,船開三清入,食亦,,
3667,碧,幫三B庚入,彼役,,
3668,𪐏,知開三清入,竹益,,
3669,彳,徹開三清入,丑亦,,
3670,𦳮,章合三清入,之｟志｠〈？〉役,,
3671,𥄎,曉合三A清入,七〈火〉役,,
3672,錫,心開四青入,先擊,,
3673,激,見開四青入,古歷,,
3674,霹,滂四青入,普擊,,
3675,靂,來開四青入,郎擊,,
3676,的,端開四青入,都歷,,
3677,檄,匣開四青入,胡狄,,
3678,鷁,疑開四青入,五歷,,
3679,荻,定開四青入,徒歷,,
3680,逖,透開四青入,他歷,,
3681,績,精開四青入,則歷,,
3682,燩,溪開四青入,苦擊,,
3683,惄,泥開四青入,奴歷,,
3684,寂,從開四青入,前歷,,
3685,覓,明四青入,莫狄,,
3686,甓,並四青入,扶歷,,
3687,壁,幫四青入,北激,,
3688,闃,溪合四青入,苦鶪,,
3689,郹,見合四青入,古闃,,
3690,戚,清開四青入,倉歷,,
3691,赥,曉開四青入,許激,,
3692,𥍟,曉合四青入,呼狊,,
3693,𣤩,透開四青入,丑歷,,
3694,職,章開三蒸入,之翼,,
3695,直,澄開三蒸入,除力,,
3696,力,來開三蒸入,林直,,
3697,敕,徹開三蒸入,恥力,,
3698,陟,知開三蒸入,竹力,,
3699,食,船開三蒸入,乘力,,
3700,息,心開三蒸入,相即,,
3701,寔,常開三蒸入,常職,,
3702,識,書開三蒸入,賞職,,
3703,赩,曉開三C蒸入,許極,,
3704,崱,崇開三蒸入,士力,,
3705,極,羣開三C蒸入,渠力,,
3706,匿,孃開三蒸入,女力,,
3707,測,初開三蒸入,初力,,
3708a,憶,影開三C蒸入,於力,,憶億臆肊𠶷繶醷澺薏𦺳䗷𩍖檍𣚍癔
3708b,抑,影開三B蒸入,於力〖棘〗,,抑𡊁
3709,色,生開三蒸入,所力,,
3710,䩯,溪開三C蒸入,丘力,,
3711,殛,見開三C蒸入,紀力,,
3712,弋,以開三蒸入,與職,,
3713,即,精開三蒸入,子力,,
3714,逼,幫三B蒸入,彼側,,
3715,域,云合三B蒸入,雨逼,,
3716,洫,曉合三B蒸入,況逼,,
3717,堛,滂三B蒸入,芳逼,,
3718,稄,莊開三蒸入,阻力,,
3719,愎,並三B蒸入,符逼,,
3720,嶷,疑開三C蒸入,魚力,,
3721,堲,從開三蒸入,秦力,,
3722,𡮞,知開三蒸入,丁力,,
3723,䁇,明三B蒸入,亡逼,,
3724,瀷,昌開三蒸入,昌力,,
3725,德,端開一登入,多則,,
3726,則,精開一登入,子德,,
3727,勒,來開一登入,盧則,,
3728,忒,透開一登入,他德,,
3729,刻,溪開一登入,苦得,,
3730,特,定開一登入,徒得,,
3731,黑,曉開一登入,呼北,,
3732,墨,明一登入,莫北,,
3733,賊,從開一登入,昨則,,
3734,塞,心開一登入,蘇則,,
3735,北,幫一登入,博墨,,
3736,菔,並一登入,蒲北,,
3737,或,匣合一登入,胡國,,
3738,國,見合一登入,古或,,
3739,餩,影開一登入,愛黑,,
3740,劾,匣開一登入,胡得,,
3741,䘅,泥開一登入,奴勒,,
3742,裓,見開一登入,古得,,
3743,墄,清開一登入,七則,,
3744,覆,滂一登入,匹北,,
3745,𢃤,曉合一登入,呼或,,
3746,緝,清開三侵入,七入,,
3747,十,常開三侵入,是執,,
3748,執,章開三侵入,之入,,
3749,習,邪開三侵入,似入,,
3750,集,從開三侵入,秦入,,
3751,入,日開三侵入,人執,,
3752,揖,影開三A侵入,伊入,,
3753,溼,書開三侵入,失入,,
3754,㗱,精開三侵入,子入,,
3755,及,羣開三B侵入,其立,,
3756,蟄,澄開三侵入,直立,,
3757,縶,知開三侵入,陟立,,
3758,立,來開三侵入,力入,,
3759,急,見開三B侵入,居立,,
3760,岌,疑開三B侵入,魚及,,
3761,泣,溪開三B侵入,去急,,
3762,𩎕,心開三侵入,先立,,
3763,歰,生開三侵入,色立,,
3764,吸,曉開三B侵入,許及,,
3765,戢,莊開三侵入,阻立,,
3766,邑,影開三B侵入,於汲,,
3767,湁,徹開三侵入,丑入,,
3768,煜,云開三B侵入,爲立,,
3769,熠,以開三侵入,羊入,,
3770,孨,孃開三侵入,尼立,,
3771,霵,崇開三侵入,仕戢,,
3772,𪀐,並三B侵入,皮及,,
3773,鵖,幫三B侵入,彼及,,
3774,㞚,初開三侵入,初戢,,
3775,卙,昌開三侵入,昌汁,,
3776,合,匣開一覃入,侯閤,,
3777,閤,見開一覃入,古沓,,
3778,答,端開一覃入,都合,,
3779,趿,心開一覃入,蘇合,,
3780,沓,定開一覃入,徒合,,
3781,錔,透開一覃入,他合,,
3782,雜,從開一覃入,徂合,,
3783,帀,精開一覃入,子荅,,
3784,拉,來開一覃入,盧合,,
3785,納,泥開一覃入,奴荅,,
3786,溘,溪開一覃入,口荅,,
3787,姶,影開一覃入,烏合,,
3788,欱,曉開一覃入,呼合,,
3789,𣊡,疑開一覃入,五合,,
3790,䟃,清開一覃入,七合,,
3791,遪,清開一覃入,士〈七〉合,,
3792,唈,影開一覃入,烏荅,,
3793,盍,匣開一談入,胡臘,,
3794,臘,來開一談入,盧盍,,
3795,㿴,端開一談入,都搕〈榼〉,,
3796,榻,透開一談入,吐盍,,
3797,𣣹,曉開一談入,呼盍,,
3798,魶,泥開一談入,奴盍,,
3799,蹋,定開一談入,徒盍,,
3800,𠎷,心開一談入,私盍,,
3801,儑,疑開一談入,五盍,,
3802,䪞,從開一談入,才盍,,
3803,䫦,見開一談入,古盍,,
3804,榼,溪開一談入,苦盍,,
3805,鰪,影開一談入,安盍,,
3806,囃,清開一談入,倉雜〖臘〗,,
3807,砝,見開一談入,居盍,,
3808,譫,章開三鹽入,章盍,,
3809,葉,以開三鹽入,與涉,,
3810,接,精開三鹽入,即葉,,
3811,攝,書開三鹽入,書涉,,
3812,涉,常開三鹽入,時攝,,
3813,獵,來開三鹽入,良涉,,
3814,捷,從開三鹽入,疾葉,,
3815,䐑,澄開三鹽入,直葉,,
3816,㪑,影開三B鹽入,於輒,,
3817,聶,孃開三鹽入,尼輒,,
3818,謵,昌開三鹽入,叱涉,,
3819,讘,日開三鹽入,而涉,,
3820,讋,章開三鹽入,之涉,,
3821,妾,清開三鹽入,七接,,
3822,鍤,徹開三鹽入,丑輒,,
3823,衱,羣開三B鹽入,其輒,,
3824,輒,知開三鹽入,陟葉,,
3825,曄,云開三B鹽入,筠輒,,
3826,𤷾,溪開三B鹽入,去涉,,
3827,萐,生開三鹽入,山輒,,
3828,𦀖,見開三B鹽入,居輒,,
3829,魘,影開三A鹽入,於葉,,
3830,怗,透開四添入,他協,,
3831,協,匣開四添入,胡頰,,
3832,頰,見開四添入,古協,,
3833,愜,溪開四添入,苦協,,
3834,牒,定開四添入,徒協,,
3835,苶,泥開四添入,奴協,,
3836,燮,心開四添入,蘇協,,
3837,㼲,來開四添入,盧協,,
3838,聑,端開四添入,丁愜,,
3839,䕹,從開四添入,在協,,
3840,浹,精開四添入,子協,,
3841,弽,曉開四添入,呼牒,,
3842,䢡,心開四添入,先頰,,
3843,洽,匣開二咸入,侯夾,,
3844,恰,溪開二咸入,苦洽,,
3845,箑,崇開二咸入,七〈士〉洽,,
3846,夾,見開二咸入,古洽,,
3847,眨,莊開二咸入,側洽,,
3848,插,初開二咸入,楚洽,,
3849,㘝,孃開二咸入,女洽,,
3850,䶎,曉開二咸入,呼洽,,
3851,霎,生開二咸入,山洽,,
3852,劄,知開二咸入,竹洽,,
3853,𨂁,影開二咸入,烏洽,,
3854,䀴,疑開四青上,五夾｟洽｠〈冷〉,,
3855,𥃐,徹開二咸入,丑㘝,,
3856,狎,匣開二銜入,胡甲,,
3857,𠗨,澄開二銜入,丈甲,,
3858,鴨,影開二銜入,烏甲,,
3859,甲,見開二銜入,古狎,,
3860,翣,生開二銜入,所甲,,
3861,呷,曉開二銜入,呼甲,,
3862,業,疑開三C嚴入,魚怯,,
3863,脅,曉開三C嚴入,虛業,,
3864,怯,溪開三C嚴入,去劫,,
3865,劫,見開三C嚴入,居怯,,
3866,腌,影開三C嚴入,於業,,
3867,殜,以開三嚴入,余業,,
3868,跲,羣開三C嚴入,巨業,,
3869,乏,並三C凡入,房法,,
3870,法,幫三C凡入,方乏,,
3871,𥎰,滂三C凡入,孚法,,
3872,猲,溪開三C嚴入,起法,,
3873,䎎,孃開三嚴入,女法,,
3874,𦑣,徹開三嚴入,丑法,,
